Date,Notes,Zip_76574,Zip_78605,Zip_78610,Zip_78612,Zip_78613,Zip_78615,Zip_78616,Zip_78617,Zip_78620,Zip_78621,Zip_78626,Zip_78628,Zip_78634,Zip_78640,Zip_78641,Zip_78642,Zip_78644,Zip_78645,Zip_78652,Zip_78653,Zip_78654,Zip_78660,Zip_78663,Zip_78664,Zip_78665,Zip_78669,Zip_78681,Zip_78701,Zip_78702,Zip_78703,Zip_78704,Zip_78705,Zip_78712,Zip_78717,Zip_78719,Zip_78721,Zip_78722,Zip_78723,Zip_78724,Zip_78725,Zip_78726,Zip_78727,Zip_78728,Zip_78729,Zip_78730,Zip_78731,Zip_78732,Zip_78733,Zip_78734,Zip_78735,Zip_78736,Zip_78737,Zip_78738,Zip_78739,Zip_78741,Zip_78742,Zip_78744,Zip_78745,Zip_78746,Zip_78747,Zip_78748,Zip_78749,Zip_78750,Zip_78751,Zip_78752,Zip_78753,Zip_78754,Zip_78756,Zip_78757,Zip_78758,Zip_78759,FID
2020/03/26 17:00:00+00,,0,0,0,0,0,0,0,1,1,0,0,0,0,0,1,0,0,0,0,0,0,6,0,0,0,0,0,3,4,11,9,0,0,0,0,1,2,3,0,0,0,1,1,1,0,9,0,3,2,2,0,0,0,1,5,2,8,3,6,8,4,2,2,3,2,3,1,2,5,4,5,74
2020/03/27 17:00:00+00,,0,0,1,0,0,0,0,1,1,0,0,0,0,1,1,0,0,0,1,1,0,6,0,0,0,1,0,9,7,12,8,1,0,1,0,1,3,3,0,0,0,2,1,3,0,11,0,3,2,3,0,2,5,3,9,0,3,6,10,4,3,2,2,4,2,3,2,2,8,4,5,114
2020/03/28 17:00:00+00,,0,0,1,0,0,0,0,1,1,0,0,0,0,1,1,0,0,0,1,2,0,8,0,0,0,1,0,8,8,12,8,2,0,1,0,1,3,3,0,0,0,2,2,3,0,13,0,3,2,3,0,2,5,3,10,0,4,5,11,5,7,2,3,4,2,3,2,2,8,5,6,115
2020/03/29 17:00:00+00,,0,0,0,0,0,0,0,0,0,0,0,0,0,0,0,0,0,0,0,0,0,0,0,0,0,0,0,10,8,13,11,2,0,1,0,1,3,3,0,0,0,3,2,3,0,13,0,4,2,3,0,2,7,3,11,0,5,5,14,5,7,2,3,5,3,4,2,2,8,5,6,116
2020/03/30 17:00:00+00,,0,0,1,0,0,0,0,1,1,0,0,0,0,1,1,0,0,0,0,2,0,9,0,0,1,1,0,9,8,14,13,3,0,2,0,1,3,3,0,0,0,2,2,2,0,14,0,4,2,3,0,2,7,4,10,0,5,6,14,6,7,2,3,5,3,4,1,2,7,5,6,117
2020/03/31 17:00:00+00,,0,0,1,0,1,0,0,2,1,0,0,0,0,1,1,0,0,0,1,2,0,13,0,0,0,1,0,12,9,15,13,10,0,1,0,1,3,4,1,1,0,3,2,3,0,16,0,4,2,3,0,2,8,4,11,0,8,6,15,7,11,3,3,5,4,4,2,2,10,6,6,118
2020/04/01 17:00:00+00,,0,0,1,0,1,0,0,2,1,1,0,0,0,1,1,0,0,0,1,2,0,12,0,0,0,1,0,13,10,16,17,31,0,0,2,1,3,5,2,1,0,3,2,3,1,16,0,4,4,4,0,2,8,4,13,0,10,7,18,7,18,3,3,7,4,5,2,2,10,10,7,119
2020/04/02 17:00:00+00,,0,0,1,0,1,0,0,2,1,1,0,0,0,1,1,0,0,0,1,4,0,15,0,1,0,1,0,13,12,18,20,40,0,3,0,2,3,5,2,2,1,4,2,4,1,17,1,4,4,4,0,2,9,5,13,0,10,10,19,7,20,3,4,7,6,6,2,2,10,14,7,120
2020/04/03 17:00:00+00,,0,0,1,0,2,0,0,4,1,1,0,0,0,1,1,0,0,0,1,9,0,20,0,2,0,1,0,15,11,21,25,43,0,4,0,2,3,7,4,3,1,4,2,3,1,19,3,4,5,5,1,3,9,5,19,0,20,11,22,11,25,6,6,10,6,7,3,2,10,16,9,121
2020/04/04 17:00:00+00,,0,1,2,1,5,0,0,21,1,2,1,0,2,3,1,0,0,3,1,16,0,54,0,4,0,4,0,41,14,36,55,55,0,5,1,7,5,15,20,9,4,9,15,6,2,22,6,8,11,6,2,6,14,7,67,1,63,25,35,27,74,11,10,15,43,27,4,4,18,44,17,122
2020/04/05 17:00:00+00,,0,0,1,0,2,0,0,7,1,1,0,0,0,1,1,0,0,0,1,8,0,23,0,3,0,1,0,12,13,23,27,50,0,4,0,2,4,8,5,3,1,4,2,4,1,18,4,5,5,6,1,2,11,5,21,0,24,13,29,13,26,6,6,11,7,13,3,2,11,20,11,123
2020/04/06 17:00:00+00,,0,0,1,0,2,0,0,8,1,1,0,0,1,2,1,0,0,0,1,9,0,25,0,3,0,1,0,13,13,23,27,51,0,4,0,2,4,8,5,4,1,4,2,4,1,19,4,5,5,7,1,2,11,5,24,0,24,15,28,15,27,6,6,11,8,14,3,2,12,18,10,124
2020/04/07 17:00:00+00,,0,0,1,0,2,0,0,11,1,1,0,0,2,2,1,0,0,0,1,9,0,30,0,3,0,1,0,13,13,23,31,55,0,4,0,3,4,7,5,5,1,4,5,4,1,20,5,5,6,7,1,4,11,6,27,0,28,21,28,15,32,7,6,12,8,14,3,2,13,22,12,125
2020/04/08 17:00:00+00,,0,0,1,1,2,0,0,11,1,1,0,0,2,2,1,0,0,0,1,11,0,31,0,3,0,3,0,14,13,23,34,55,0,4,0,3,4,7,8,6,1,4,7,4,1,20,5,8,6,6,1,4,11,6,32,0,33,22,33,17,34,7,6,12,9,15,3,2,14,24,12,126
2020/04/09 17:00:00+00,,0,0,1,1,5,0,0,13,0,1,0,0,0,0,1,0,0,0,1,11,0,37,0,4,0,0,0,15,13,30,38,55,0,4,0,4,4,7,12,6,1,5,8,4,1,20,6,8,7,6,1,4,12,6,34,0,37,24,33,19,39,7,7,12,9,16,3,2,14,22,12,127
2020/04/10 17:00:00+00,,0,0,1,1,4,0,0,15,1,1,0,0,0,0,0,0,0,0,0,13,0,36,0,4,0,0,0,19,12,30,41,54,0,4,0,4,4,10,15,6,1,5,8,4,1,21,6,8,8,6,1,4,12,7,45,0,40,22,34,20,43,7,7,14,9,20,3,2,15,27,15,128
2020/04/11 17:00:00+00,,0,0,1,1,1,0,0,17,1,1,0,0,0,0,1,1,0,0,0,0,0,0,13,39,4,1,0,22,12,33,43,54,0,3,0,5,4,11,18,7,2,8,10,2,1,21,6,8,7,5,1,4,13,7,47,0,45,23,34,21,49,8,6,15,13,21,3,2,16,32,14,129
2020/04/12 17:00:00+00,,0,0,1,1,1,0,0,17,1,1,0,0,0,0,1,1,0,2,0,13,0,41,0,4,0,3,0,19,13,33,43,55,0,3,0,5,4,12,18,7,2,8,10,2,1,21,6,8,8,5,2,4,13,7,49,0,44,25,34,21,58,8,6,16,14,22,3,2,16,31,15,130
2020/04/13 17:00:00+00,,0,1,1,1,4,0,0,19,1,1,1,0,2,2,1,1,0,3,1,14,0,43,0,4,0,4,0,34,12,35,48,55,0,5,0,6,5,12,20,8,2,8,14,4,1,22,6,8,11,6,2,5,14,7,57,0,51,23,34,24,71,11,8,16,16,23,3,3,18,37,16,131
2020/04/14 17:00:00+00,,0,0,1,2,1,4,20,1,1,2,1,0,2,3,1,0,0,3,1,15,0,48,0,4,0,4,0,33,13,35,50,55,5,1,6,5,14,20,9,2,8,14,5,1,22,6,8,11,6,2,0,6,14,7,63,1,55,24,35,26,71,11,9,16,25,26,3,4,18,38,16,132
2020/04/15 17:00:00+00,,0,1,2,1,5,0,0,21,1,2,1,0,2,3,1,0,0,3,1,16,0,54,0,4,0,4,0,41,14,36,55,55,0,5,1,7,5,15,20,9,4,9,15,6,2,22,6,8,11,6,2,6,14,7,67,1,63,25,35,27,74,11,10,15,43,27,4,4,18,44,17,133
2020/04/16 17:00:00+00,,0,1,3,1,4,0,0,25,1,2,1,0,2,3,1,0,0,3,1,16,0,57,0,4,0,4,0,40,17,36,55,56,0,5,0,7,6,17,22,10,4,9,15,6,2,22,6,9,12,6,3,6,14,7,71,1,71,29,36,29,80,12,10,16,43,28,4,4,18,47,17,134
2020/04/17 17:00:00+00,,0,1,3,2,5,0,0,26,1,4,2,0,2,4,1,0,0,3,1,19,0,61,0,4,0,4,0,42,16,36,60,55,0,5,1,7,6,18,25,12,4,9,16,6,2,22,7,9,12,6,4,6,14,7,77,2,71,29,37,32,83,14,10,16,47,30,4,4,18,51,17,135
2020/04/18 17:00:00+00,,0,0,4,1,5,0,1,24,1,6,2,0,2,4,1,0,0,3,1,19,0,54,0,6,0,4,0,73,18,35,55,54,0,4,1,7,6,18,21,11,5,10,15,6,2,26,8,9,10,6,4,5,13,7,77,1,68,29,38,29,81,13,9,15,42,31,5,4,22,52,16,136
2020/04/19 17:00:00+00,,0,1,3,2,5,0,1,26,1,6,2,0,2,5,1,0,0,3,1,22,0,67,0,4,0,4,0,40,18,36,59,55,0,5,1,7,6,20,27,12,4,9,16,6,3,24,7,9,12,6,4,6,14,7,81,2,69,29,37,32,86,14,10,16,46,31,5,4,21,56,17,137
2020/04/20 17:00:00+00,,0,1,3,2,4,0,1,29,1,7,2,0,2,6,1,0,0,3,1,23,0,68,0,4,0,4,0,33,18,34,62,55,0,5,1,9,6,26,29,13,4,9,16,6,3,24,7,9,12,7,4,5,14,9,89,2,73,29,37,32,88,18,10,16,46,36,8,4,24,61,17,138
2020/04/21 17:00:00+00,,0,0,3,2,4,0,2,31,1,9,0,0,2,6,1,0,0,3,1,23,0,74,0,4,0,4,0,33,19,36,62,55,0,5,1,12,6,27,31,14,5,9,18,7,4,24,7,10,12,7,4,5,14,9,95,2,80,30,38,35,91,18,10,17,51,38,8,4,24,64,17,139
2020/04/22 17:00:00+00,,0,1,3,1,4,0,1,31,1,9,3,0,3,6,1,0,0,3,1,23,0,74,0,4,0,4,0,33,19,36,65,55,0,5,1,12,6,28,34,15,5,9,17,6,4,24,7,10,12,7,4,5,14,9,104,2,81,33,38,36,92,18,10,18,52,41,9,5,24,67,17,140
2020/04/23 17:00:00+00,,0,0,3,1,2,0,0,29,0,8,0,0,1,0,1,0,0,3,0,23,0,77,0,5,0,2,0,34,21,36,65,57,0,3,0,13,6,29,36,15,5,9,17,3,4,24,7,10,11,6,4,4,14,9,109,2,87,34,39,36,103,18,10,18,55,46,9,5,24,72,16,141
2020/04/24 17:00:00+00,,0,0,3,1,2,0,1,28,1,8,2,0,1,1,2,0,0,3,0,23,0,80,0,5,0,3,0,33,22,38,69,57,0,3,0,14,6,30,41,16,6,10,18,3,4,27,7,10,11,8,4,4,14,9,120,2,90,36,41,37,115,18,10,18,56,52,9,5,24,75,16,142
2020/04/25 17:00:00+00,,0,0,3,1,2,0,1,28,1,10,1,0,1,1,2,0,0,3,0,23,0,80,0,5,0,3,0,34,22,38,68,58,0,3,0,14,6,32,41,16,6,11,18,3,4,27,7,10,11,8,4,4,15,9,122,2,90,36,40,37,115,18,10,18,57,52,9,5,24,78,17,143
2020/04/26 17:00:00+00,,0,0,3,1,2,0,1,28,1,9,1,0,1,1,3,0,0,3,0,28,0,80,0,5,0,3,0,34,22,37,68,58,0,3,0,14,6,32,42,19,6,12,20,3,4,28,7,10,11,10,4,4,15,9,125,2,94,36,40,39,115,18,9,17,56,53,9,5,24,79,17,144
2020/04/27 17:00:00+00,,0,0,3,1,2,0,1,29,1,10,0,0,1,1,3,0,0,3,0,31,0,85,0,5,0,3,0,37,25,39,69,58,0,3,0,14,6,33,48,20,6,12,19,3,4,29,8,10,11,9,4,4,15,10,133,2,103,36,41,41,124,18,10,17,58,57,9,5,25,81,17,145
2020/04/28 17:00:00+00,,0,0,3,1,2,0,1,30,1,10,0,0,1,1,4,0,0,3,0,31,0,88,0,5,0,3,0,37,26,39,69,59,0,4,0,18,6,35,50,21,6,12,20,4,4,30,8,11,11,9,4,4,15,10,136,3,110,39,41,43,126,18,10,17,58,71,11,5,25,85,17,146
2020/04/29 17:00:00+00,,0,0,3,1,2,0,1,31,1,12,0,0,1,1,4,0,0,3,0,36,0,88,0,7,0,4,0,37,26,38,71,59,0,4,0,22,6,40,54,22,6,14,23,4,4,31,9,11,11,10,4,4,15,10,144,3,114,41,41,46,130,19,9,16,62,75,12,5,24,86,19,147
2020/04/30 17:00:00+00,,0,0,3,1,2,0,1,31,1,13,0,0,1,1,4,0,0,3,0,35,0,95,0,7,0,5,0,37,28,42,72,59,0,4,0,23,6,42,56,23,6,15,22,4,4,35,8,11,11,9,4,5,15,10,144,4,115,41,42,49,133,19,11,17,64,78,15,5,25,88,19,148
2020/05/01 17:00:00+00,,0,0,3,1,2,0,1,33,1,14,0,0,1,1,4,0,0,3,0,37,0,95,0,7,0,5,0,37,27,39,72,60,0,4,0,24,6,45,57,25,6,15,24,4,4,35,9,11,11,10,4,5,15,10,150,4,118,43,42,48,135,18,10,17,63,79,17,5,24,99,18,149
2020/05/02 17:00:00+00,,0,0,3,1,2,0,1,33,1,14,0,0,1,1,6,0,0,3,0,37,0,96,0,8,0,5,0,37,27,39,74,60,0,6,1,25,6,45,59,25,7,15,24,4,4,35,9,11,11,11,4,5,15,10,167,4,123,44,42,48,136,18,10,17,63,81,17,5,24,99,18,150
2020/05/03 17:00:00+00,,0,0,3,1,2,0,1,33,1,14,0,0,1,1,6,0,0,3,0,37,0,99,0,8,0,5,0,37,28,40,75,60,0,6,1,26,6,47,62,27,7,15,24,4,5,35,8,11,11,11,4,5,15,10,171,4,127,48,42,49,139,18,10,17,64,84,18,5,25,101,18,151
2020/05/04 17:00:00+00,,0,0,3,1,2,0,1,34,1,14,0,0,1,1,6,0,0,4,1,39,0,99,0,8,0,5,0,38,28,40,76,60,0,7,1,29,6,47,64,28,7,15,27,4,5,35,8,11,12,11,4,5,15,10,183,4,132,49,44,49,140,18,10,17,67,92,18,5,25,108,18,152
2020/05/05 17:00:00+00,,0,0,3,1,2,0,1,37,1,15,0,0,1,1,6,0,0,4,1,40,0,105,0,8,0,5,0,39,29,41,79,60,0,7,1,30,6,49,66,29,7,16,27,4,5,36,8,11,14,11,4,5,16,10,189,4,136,52,44,50,143,18,11,17,68,99,20,5,26,109,18,153
2020/05/06 17:00:00+00,,0,0,3,1,5,0,0,38,1,16,0,0,1,1,6,0,0,4,1,42,0,108,0,8,0,5,0,38,29,42,80,60,0,7,1,30,6,52,72,31,7,17,28,4,4,35,8,11,14,10,4,5,17,10,197,4,139,54,54,50,144,18,13,19,71,105,23,5,27,115,18,154
2020/05/07 17:00:00+00,,0,0,3,1,5,0,0,38,1,19,0,0,1,1,6,0,0,4,1,43,0,111,0,8,0,5,0,38,29,43,82,60,0,6,1,30,6,55,73,32,7,17,29,4,4,35,8,11,14,11,4,5,18,10,202,4,152,57,53,50,154,19,13,16,74,109,24,5,27,119,19,155
2020/05/08 17:00:00+00,,0,0,3,2,5,0,0,40,1,19,0,0,1,1,6,0,0,4,1,46,1,117,0,8,0,5,0,38,29,42,89,60,0,6,1,30,6,58,79,33,7,18,28,4,4,36,8,11,14,12,4,5,18,10,207,4,158,59,53,52,159,19,13,16,75,115,25,5,27,123,19,156
2020/05/09 17:00:00+00,,0,0,3,2,5,0,0,42,1,19,0,0,1,1,6,0,0,6,1,46,1,116,0,9,0,5,0,38,31,43,88,60,0,6,1,31,6,61,83,34,7,20,28,4,4,35,8,11,14,12,4,5,18,10,211,4,157,59,53,51,159,20,12,17,76,120,27,5,28,124,19,157
2020/05/10 17:00:00+00,,0,0,3,2,5,0,0,42,1,19,0,0,2,1,7,0,0,7,1,47,1,122,0,9,0,5,0,38,31,43,89,60,0,6,1,31,6,60,83,34,8,20,29,4,4,34,8,11,15,12,4,5,18,10,213,4,161,60,53,53,160,21,13,17,77,122,27,5,29,127,19,158
2020/05/11 17:00:00+00,,0,0,3,2,5,0,0,43,1,19,0,0,2,1,7,0,0,9,1,48,1,126,0,9,0,5,0,37,31,43,90,60,0,7,1,30,6,60,86,36,8,20,32,5,4,34,8,12,15,14,8,5,21,10,216,4,167,64,54,55,160,21,13,16,77,126,28,5,30,132,19,159
2020/05/12 17:00:00+00,,0,0,2,2,4,0,0,45,1,20,0,0,2,0,7,0,0,9,1,49,1,130,0,9,0,5,0,37,31,43,95,60,0,8,1,32,6,61,91,36,8,21,35,6,4,34,8,12,16,14,12,6,21,10,216,4,171,67,54,57,160,22,13,16,78,130,29,5,30,134,21,160
2020/05/13 17:00:00+00,,0,0,3,1,4,0,0,48,1,19,0,0,2,0,7,0,0,9,1,51,1,131,0,8,0,5,0,37,32,43,97,60,0,7,1,32,6,62,91,38,9,22,35,6,4,34,8,12,16,15,18,5,21,10,220,5,174,67,55,57,163,30,14,16,80,134,30,6,30,140,21,161
2020/05/14 17:00:00+00,,0,0,3,1,4,0,0,51,1,19,0,0,2,0,7,0,0,9,1,52,1,138,0,8,0,5,0,37,31,43,98,60,0,6,1,32,6,62,92,39,9,22,36,5,4,34,8,12,16,19,18,5,21,10,231,5,182,74,55,60,162,30,14,16,85,141,32,6,29,141,22,162
2020/05/15 17:00:00+00,,0,0,2,1,3,0,0,52,1,19,0,0,2,0,7,0,0,9,1,53,1,142,0,8,0,5,0,39,32,41,101,60,0,8,1,32,6,60,95,40,9,23,39,6,5,36,9,12,17,18,18,6,20,9,235,5,185,79,57,59,165,32,16,15,82,146,33,6,29,144,20,163
2020/05/16 17:00:00+00,,0,0,2,1,3,0,0,58,1,19,0,0,2,0,7,0,0,9,2,55,1,146,0,9,0,5,1,50,33,41,103,60,0,8,2,33,6,61,99,41,9,24,39,6,5,38,9,12,18,18,13,6,20,9,239,5,191,82,57,60,166,32,16,15,84,152,35,7,30,147,20,164
2020/05/17 17:00:00+00,,0,0,2,1,4,0,0,62,1,19,0,0,2,0,7,0,0,9,1,54,1,149,0,9,0,5,1,38,33,43,100,60,0,7,2,36,6,64,97,41,9,25,39,6,4,35,9,12,17,19,12,5,21,9,248,5,192,81,57,60,165,32,16,16,85,157,38,7,31,151,20,165
2020/05/18 17:00:00+00,,0,0,2,1,4,0,0,63,1,19,0,0,2,0,7,0,0,9,1,57,1,151,0,9,0,5,1,38,36,43,103,60,0,7,2,36,6,66,102,43,9,26,39,6,4,35,9,12,18,19,12,5,21,9,253,5,195,86,58,60,169,32,16,16,89,164,41,7,32,157,21,166
2020/05/19 17:00:00+00,,0,0,2,1,3,0,0,65,1,20,0,0,2,0,7,0,0,9,2,65,1,153,0,9,0,5,1,40,38,41,106,60,0,8,2,38,8,68,102,46,9,27,40,8,5,36,9,12,18,18,14,6,20,9,258,5,200,91,58,63,172,32,16,17,90,165,42,7,32,159,22,167
2020/05/20 17:00:00+00,,0,0,2,1,4,0,0,68,1,20,0,0,2,0,7,0,0,10,3,67,1,156,0,10,0,5,2,39,39,43,105,60,0,7,2,38,8,70,103,48,9,27,39,9,5,35,9,12,19,19,21,5,21,9,264,5,202,89,58,64,176,35,16,17,90,166,43,7,34,162,22,168
2020/05/21 17:00:00+00,,0,0,3,2,4,0,0,70,1,20,0,0,2,0,8,0,0,10,3,69,1,159,0,12,0,5,1,39,40,43,109,62,0,7,3,38,9,71,107,50,9,28,39,9,5,35,9,12,19,19,33,5,22,9,266,5,207,92,58,65,183,37,16,17,91,169,43,7,34,164,22,57
2020/05/22 17:00:00+00,,0,0,3,1,4,0,0,73,1,20,0,0,2,0,9,0,0,10,1,70,1,168,0,11,0,5,1,39,42,43,114,62,0,7,3,40,9,70,109,51,9,28,40,9,4,35,9,12,19,19,33,5,22,9,272,5,211,93,58,66,185,38,17,17,94,176,43,7,35,168,22,58
2020/05/23 17:00:00+00,,0,0,3,1,4,0,0,75,1,20,0,0,2,0,9,0,0,10,1,69,1,169,0,11,0,5,1,39,42,43,114,62,0,7,3,40,9,70,108,51,9,29,40,9,4,35,9,12,19,19,34,5,22,9,273,5,216,92,58,69,187,38,17,18,95,178,43,7,35,169,22,59
2020/05/24 17:00:00+00,,0,0,3,1,5,0,0,73,1,22,0,0,2,0,9,0,0,13,1,70,1,170,0,11,0,5,1,39,42,43,116,62,0,7,3,42,9,70,117,51,9,29,43,9,4,36,9,12,19,19,34,5,23,10,276,5,221,96,58,70,193,39,18,18,99,182,46,7,35,172,23,60
2020/05/25 17:00:00+00,,0,0,5,1,5,0,0,77,1,22,0,0,2,0,9,0,0,13,1,70,1,176,0,11,0,5,1,39,43,44,118,62,0,9,3,43,9,72,125,52,9,31,45,10,4,36,9,12,20,20,34,5,23,10,281,5,237,97,58,72,194,40,19,18,106,190,47,7,36,178,23,61
2020/05/26 17:00:00+00,,0,0,5,1,5,0,0,80,1,23,0,0,2,0,9,0,0,14,1,71,1,177,0,11,0,5,1,39,45,45,118,62,0,9,3,46,9,76,128,52,10,31,47,10,4,36,9,12,20,20,36,5,23,11,280,5,244,99,58,74,194,41,19,18,110,194,50,7,36,181,23,62
2020/05/27 17:00:00+00,,0,0,6,1,5,0,0,81,1,25,0,0,2,0,9,0,0,14,1,73,1,182,0,11,0,5,1,39,45,45,118,62,0,9,3,47,9,80,133,52,10,33,48,10,4,36,9,12,21,20,36,6,24,11,288,5,254,106,58,75,195,42,19,19,110,200,51,7,36,187,24,63
2020/05/28 17:00:00+00,,0,0,6,2,5,0,0,88,1,26,0,0,2,0,9,0,0,14,1,76,1,187,0,11,0,5,1,39,47,45,119,62,0,9,3,49,9,86,137,54,10,33,50,10,4,36,10,12,22,21,36,6,25,10,297,5,256,111,58,77,195,42,19,20,112,202,51,7,36,192,24,64
2020/05/29 17:00:00+00,,0,0,6,2,6,0,0,93,1,27,0,0,2,0,10,0,0,14,1,80,1,190,0,12,0,5,1,39,49,44,122,62,0,9,3,51,9,87,144,55,10,34,51,11,4,36,11,12,22,22,38,6,25,10,302,5,262,112,58,80,196,43,19,20,117,207,54,7,37,197,24,65
2020/05/30 17:00:00+00,,0,0,6,2,5,0,0,92,1,28,0,0,2,0,10,0,0,14,2,81,1,194,0,12,0,5,1,39,50,42,124,63,0,10,3,52,9,86,147,56,10,35,52,11,5,37,10,12,22,21,38,6,24,10,301,5,266,116,58,80,198,43,19,21,118,216,54,7,37,201,25,66
2020/05/31 17:00:00+00,,0,0,6,3,6,0,0,96,1,29,0,0,2,0,10,0,0,14,2,82,1,194,0,12,0,5,2,39,50,44,124,63,0,9,3,54,9,88,150,56,10,34,53,11,4,37,11,12,22,22,39,5,25,10,306,5,262,116,59,82,197,45,19,21,119,220,57,7,38,205,25,67
2020/06/01 17:00:00+00,,0,0,6,4,6,0,0,103,1,30,0,0,2,0,10,0,0,14,2,84,1,196,0,12,0,5,2,40,51,44,128,63,0,9,3,55,9,92,157,58,10,34,56,11,6,37,11,12,22,23,39,5,26,11,309,5,272,117,61,83,198,47,19,21,125,231,61,7,38,215,26,68
2020/06/02 17:00:00+00,,0,0,6,4,6,0,0,105,1,30,0,0,2,0,12,0,0,14,2,85,1,199,0,12,0,5,2,40,53,44,129,63,0,8,3,59,9,97,160,62,11,34,57,11,7,37,9,12,22,25,39,5,26,12,316,5,279,119,63,85,202,49,19,21,127,244,68,7,38,227,26,69
2020/06/03 17:00:00+00,,0,0,6,4,6,0,0,110,1,32,0,0,2,0,12,0,0,14,2,87,1,203,0,12,0,5,2,41,55,44,132,63,0,9,3,58,9,101,163,62,11,35,57,12,7,37,10,12,22,26,39,6,26,12,321,5,284,120,63,85,203,51,20,21,128,246,70,8,38,233,27,70
2020/06/04 17:00:00+00,,0,0,6,4,6,0,0,109,1,33,0,0,2,0,13,0,0,14,2,86,1,205,0,12,0,5,2,42,55,45,134,63,0,10,3,58,9,103,163,63,11,36,58,12,7,39,11,13,20,27,39,6,27,12,324,5,285,123,65,86,208,51,23,21,130,252,72,8,39,236,28,71
2020/06/05 17:00:00+00,,0,0,6,4,6,0,1,112,1,34,0,0,2,0,14,0,0,14,2,87,1,208,0,12,0,5,2,43,55,45,135,64,0,10,3,57,9,106,168,63,12,36,61,13,7,39,11,13,20,27,40,6,27,13,325,5,289,127,65,88,208,52,23,21,130,265,74,8,39,238,28,72
2020/06/06 17:00:00+00,,0,0,6,4,6,1,1,113,1,34,0,0,2,0,13,0,0,14,2,89,1,209,0,12,0,5,2,46,56,45,137,64,0,10,3,57,9,107,173,63,12,36,61,14,7,39,11,13,20,27,41,6,27,13,329,5,298,129,65,89,208,53,22,21,133,268,76,8,39,243,28,73
2020/06/07 17:00:00+00,,0,0,5,4,6,1,1,114,1,36,0,0,2,0,14,0,1,14,3,87,1,210,0,12,2,5,2,50,58,44,136,66,0,10,3,57,9,109,172,65,13,34,58,15,7,37,10,13,18,27,43,7,27,13,318,4,303,128,67,96,204,51,23,30,135,271,77,9,39,245,31,75
2020/06/08 17:00:00+00,,0,0,6,4,6,1,1,116,1,37,0,0,2,0,13,0,0,15,2,92,1,215,0,13,0,5,2,49,60,45,141,65,0,10,3,61,9,115,181,65,13,36,60,15,7,40,11,13,21,29,42,7,28,13,347,8,312,132,66,93,213,55,23,22,139,281,86,10,41,251,33,76
2020/06/09 17:00:00+00,,0,0,6,4,6,2,1,120,1,40,0,0,2,0,12,0,0,15,2,99,1,225,0,13,0,5,2,49,59,46,148,68,0,10,3,61,9,120,188,68,14,36,62,14,8,40,10,13,22,31,43,7,28,14,361,8,323,137,68,95,221,60,26,22,149,298,91,11,42,257,36,77
2020/06/10 17:00:00+00,,0,0,8,4,8,2,0,122,1,42,0,0,2,0,12,0,0,15,2,100,1,234,0,13,0,5,2,50,63,46,151,69,0,10,3,63,9,124,199,71,14,39,64,15,8,41,11,13,23,32,43,7,29,14,372,9,334,139,67,97,223,61,33,22,151,311,95,11,44,265,37,78
2020/06/11 17:00:00+00,,0,0,8,4,8,2,0,114,1,42,0,0,2,0,13,0,0,14,2,96,1,219,0,12,0,2,2,27,70,32,134,54,0,9,3,59,7,120,192,66,13,40,55,15,7,34,9,10,18,29,41,5,25,11,341,9,302,133,55,85,186,56,30,16,146,305,100,9,36,253,30,79
2020/06/12 17:00:00+00,,0,0,8,4,8,2,0,128,1,44,0,0,2,0,13,0,1,16,2,107,1,250,0,14,0,5,2,51,71,49,159,70,0,11,4,63,9,129,211,73,15,45,67,16,9,41,13,13,25,35,43,8,29,15,385,9,348,144,69,102,227,64,35,23,157,333,104,11,48,279,38,80
2020/06/13 17:00:00+00,,0,0,8,4,9,2,0,134,1,44,0,0,2,0,13,0,1,17,2,111,1,263,0,14,0,5,2,53,75,48,163,70,0,12,4,64,9,132,220,74,18,49,72,17,10,42,16,13,26,35,43,10,29,17,393,11,364,150,69,107,237,64,35,24,156,350,109,12,50,295,39,81
2020/06/14 17:00:00+00,,0,0,9,4,10,2,0,136,1,45,0,0,2,0,14,0,0,17,3,111,1,262,0,14,0,5,2,54,75,50,165,71,0,12,4,64,10,133,223,75,19,47,73,17,12,41,17,13,26,38,43,10,31,16,403,11,366,146,69,108,240,65,35,24,163,358,113,12,55,300,40,82
2020/06/15 17:00:00+00,,0,0,9,4,10,3,0,138,1,45,0,0,2,0,14,0,0,17,3,113,1,267,0,15,0,5,2,57,79,50,170,73,0,12,4,68,11,138,232,77,20,48,77,17,12,43,20,14,26,38,43,11,31,16,414,12,376,149,69,110,241,65,35,25,169,378,114,12,58,310,41,83
2020/06/16 17:00:00+00,,0,0,9,4,10,3,0,147,1,45,0,0,2,0,14,0,0,17,4,117,1,278,0,15,0,5,2,58,84,51,173,72,0,12,4,68,11,142,237,78,20,48,80,17,12,43,20,14,27,38,43,11,31,16,418,12,381,152,70,111,245,68,37,25,171,390,114,12,59,317,41,84
2020/06/17 17:00:00+00,,0,0,9,4,12,3,0,152,1,45,0,0,2,1,14,0,0,19,6,119,1,297,0,16,0,6,2,61,91,56,181,73,0,15,4,70,11,145,242,84,20,51,83,18,15,47,21,14,27,38,44,14,35,18,436,12,398,160,70,112,253,71,42,29,176,404,119,12,65,329,47,85
2020/06/19 17:00:00+00,,0,0,10,4,13,3,0,160,1,46,0,0,2,1,15,0,0,21,8,130,1,329,0,17,0,6,2,62,108,58,190,75,0,18,4,74,11,156,255,85,20,58,90,21,15,52,22,14,28,40,45,14,34,21,454,12,423,176,73,118,260,74,47,32,182,427,127,14,67,351,48,87
2020/06/20 17:00:00+00,,0,0,10,4,18,3,0,175,1,50,0,0,2,1,16,0,1,21,11,137,1,355,0,21,0,8,3,69,121,62,204,76,0,20,4,79,12,165,266,89,23,58,98,25,16,55,23,14,34,45,46,16,36,19,473,13,449,204,79,130,275,82,52,35,197,464,137,14,73,372,54,88
2020/06/21 17:00:00+00,,0,0,13,5,18,3,0,194,1,59,1,0,2,1,20,0,1,26,11,147,1,392,0,20,0,10,3,75,134,70,226,82,0,23,5,86,13,178,282,95,26,61,106,28,16,58,24,15,37,47,48,17,39,20,512,14,483,220,87,135,302,90,56,39,216,507,153,15,85,400,62,89
2020/06/22 17:00:00+00,,0,0,13,5,16,3,0,191,1,58,1,0,2,1,21,0,1,25,11,151,1,397,0,21,0,9,4,130,141,67,230,85,0,23,7,85,13,179,280,88,27,65,109,29,16,60,24,15,40,45,48,17,43,22,515,14,494,232,91,138,307,89,56,40,210,503,154,15,84,401,64,90
2020/06/23 17:00:00+00,,0,0,13,6,21,3,0,203,1,61,1,0,2,1,19,0,0,26,13,155,1,409,0,22,0,11,3,84,147,75,240,93,0,24,8,89,13,193,288,95,29,65,113,34,16,64,25,15,41,50,49,17,45,23,530,14,528,241,96,149,320,97,60,39,225,524,173,16,88,421,66,91
2020/06/24 17:00:00+00,,0,0,16,6,24,4,0,210,1,64,1,0,2,2,19,0,0,27,14,168,1,427,0,22,0,12,4,88,158,78,255,98,0,24,9,91,14,206,299,104,29,71,114,38,15,69,26,15,44,51,50,20,49,23,546,14,549,253,98,154,334,100,68,40,238,550,182,20,92,443,69,92
2020/06/25 17:00:00+00,,0,0,16,6,25,4,0,214,1,66,1,0,2,2,19,0,0,27,14,175,1,436,0,22,0,12,4,91,165,83,260,102,1,25,9,93,14,212,306,106,29,74,116,40,15,70,26,17,44,51,49,20,49,25,566,14,560,261,100,162,342,101,71,45,240,558,185,21,94,458,74,93
2020/06/27 17:00:00+00,,0,0,20,6,28,4,0,231,2,69,0,0,4,2,21,0,0,29,18,183,1,473,0,25,0,12,8,100,193,88,279,124,1,28,10,101,17,227,339,113,32,89,128,46,16,73,29,18,48,57,50,23,51,31,631,15,609,298,109,171,355,114,73,53,259,636,208,26,108,508,85,95
2020/06/28 17:00:00+00,,0,0,22,7,29,4,0,243,2,70,0,0,4,3,22,0,0,33,20,202,1,529,0,28,0,15,9,105,206,93,308,139,1,30,10,112,18,247,358,116,37,93,140,49,17,84,31,18,50,65,53,28,55,32,674,17,660,331,114,178,378,119,80,60,276,676,227,27,120,544,100,96
2020/06/29 17:00:00+00,,1,0,22,7,32,4,1,254,2,75,1,0,4,3,27,0,0,35,24,214,1,556,0,28,2,17,9,113,219,101,336,151,2,32,13,117,19,256,376,122,38,102,149,54,18,96,31,19,52,70,55,28,60,33,711,17,690,354,122,183,392,131,83,66,285,716,239,28,128,580,106,97
2020/06/30 17:00:00+00,,1,0,21,7,31,4,0,292,3,79,1,0,4,4,29,0,0,35,28,237,1,588,0,28,3,17,9,121,225,108,347,161,1,33,14,125,21,271,397,129,40,106,157,57,18,101,30,23,62,77,56,32,65,36,759,17,742,378,124,192,407,140,86,68,301,758,255,29,135,603,109,98
2020/07/01 17:00:00+00,,2,0,21,7,36,1,2,312,3,84,1,0,4,4,33,0,0,37,32,255,1,630,0,29,3,18,9,122,240,112,370,179,1,34,15,134,22,288,427,137,41,119,166,52,19,110,32,25,71,90,56,35,69,38,796,17,797,412,131,213,423,148,92,71,310,794,266,36,147,626,114,99
2020/07/02 17:00:00+00,,2,0,24,8,42,2,2,329,3,94,1,3,4,6,35,0,0,38,39,273,1,670,0,33,3,19,12,124,250,114,393,185,1,36,15,140,22,304,448,142,46,126,177,57,20,110,33,28,76,96,61,35,74,42,822,17,831,441,137,230,461,158,99,77,322,826,284,39,150,646,122,100
2020/07/03 17:00:00+00,,2,0,30,9,45,2,3,338,3,96,2,3,4,8,36,0,1,40,39,281,1,696,0,35,4,20,14,126,263,115,403,191,1,37,15,144,23,314,460,144,49,135,184,60,19,115,35,29,82,101,62,35,75,44,838,17,844,452,144,231,471,164,103,79,327,851,292,39,152,667,124,101
2020/07/04 17:00:00+00,,2,0,26,9,47,2,3,345,2,97,2,3,4,3,36,0,1,40,39,282,1,703,0,36,4,20,14,128,277,118,405,193,2,36,15,144,25,321,469,145,49,140,188,62,19,115,34,30,84,103,63,34,75,44,849,17,853,459,147,235,473,164,106,79,329,859,291,39,153,675,123,102
2020/07/05 17:00:00+00,,2,0,27,11,48,2,3,369,3,98,3,3,4,4,37,0,2,39,42,289,1,748,0,38,5,22,15,133,290,124,418,198,2,39,16,151,29,332,497,151,53,146,199,66,19,120,35,31,89,109,64,36,78,45,887,18,896,480,152,253,506,171,108,81,348,896,304,41,155,711,135,103
2020/07/06 17:00:00+00,,0,0,28,11,26,2,1,377,2,99,1,1,3,5,32,0,1,42,43,295,1,772,0,35,2,24,12,135,293,128,431,199,2,36,20,159,34,345,506,159,56,155,200,65,19,126,36,31,91,110,64,35,78,46,907,18,927,486,155,264,523,178,114,82,352,918,306,43,157,716,151,104
2020/07/07 17:00:00+00,,0,0,30,11,26,2,2,388,2,104,3,1,3,6,33,0,2,41,46,306,1,807,0,36,2,27,12,140,306,131,458,206,2,35,21,166,34,361,518,167,58,159,210,66,19,131,38,31,93,113,66,36,81,50,933,18,967,520,158,274,541,186,122,83,361,944,315,46,167,736,164,105
2020/07/08 17:00:00+00,,0,0,33,11,36,2,2,413,2,107,4,1,3,6,34,0,2,41,50,329,1,852,0,39,2,32,13,144,328,133,479,210,2,45,23,175,72,385,542,176,64,165,218,73,24,140,41,35,98,118,67,39,89,52,975,21,1015,557,167,300,576,197,127,86,377,1000,329,47,177,767,174,106
2020/07/09 17:00:00+00,,1,0,34,12,40,2,4,434,3,109,4,1,3,10,34,0,2,42,52,352,1,929,0,41,3,33,15,146,348,139,495,213,2,49,25,183,82,411,581,194,71,173,230,76,24,150,44,35,101,123,71,43,95,55,1019,22,1055,595,168,320,592,207,133,89,395,1045,346,47,183,796,182,107
2020/07/10 17:00:00+00,,2,0,36,13,40,2,2,451,2,112,2,1,3,6,34,0,2,44,56,364,2,976,0,39,4,33,16,150,354,144,510,216,2,47,28,189,85,420,597,197,70,174,234,73,24,151,44,37,112,128,71,42,96,60,1046,22,1100,621,171,335,620,211,138,90,413,1081,357,48,190,819,190,108
2020/07/11 17:00:00+00,,2,0,40,15,42,2,2,463,3,116,4,1,3,6,35,0,2,44,56,371,2,1006,0,40,5,34,16,154,361,147,523,225,2,47,29,190,88,422,606,202,75,181,238,77,24,155,46,38,115,132,73,43,98,60,1067,22,1119,628,179,342,626,212,142,92,422,1098,361,48,191,835,204,109
2020/07/12 17:00:00+00,,2,0,40,17,44,2,2,468,4,117,5,2,3,6,36,0,2,46,57,376,2,1015,0,40,5,35,18,157,366,152,528,226,2,48,29,197,88,427,614,202,77,181,239,81,24,160,46,39,116,137,73,43,99,60,1069,22,1127,634,181,342,628,213,146,93,424,1102,371,51,194,837,205,110
2020/07/13 17:00:00+00,,2,0,46,22,50,2,3,490,4,128,8,2,3,20,38,0,5,47,60,384,2,1055,0,43,7,36,19,157,385,153,544,227,2,50,32,207,91,448,653,208,80,186,249,84,26,162,51,40,121,143,76,46,101,62,1111,23,1173,651,186,358,643,216,151,95,438,1165,399,53,197,895,220,111
2020/07/14 17:00:00+00,,2,0,49,21,51,2,3,511,4,131,8,2,3,21,40,0,5,48,63,409,2,1109,0,44,7,41,19,160,396,154,564,235,2,50,36,215,91,470,684,215,82,191,258,87,27,168,54,42,128,149,78,48,106,67,1144,24,1205,671,189,376,659,220,158,98,449,1199,418,54,203,933,223,112
2020/07/15 17:00:00+00,,1,0,50,21,53,2,4,527,4,137,10,2,3,22,43,0,5,48,65,430,2,1152,0,45,7,41,18,163,409,163,582,243,2,57,40,226,97,485,699,220,88,194,268,92,28,171,60,44,129,157,78,50,107,70,1168,25,1261,697,190,395,682,229,163,99,457,1224,432,56,211,968,237,113
2020/07/16 17:00:00+00,,0,0,49,22,57,2,4,545,4,138,10,2,4,21,44,0,4,49,68,446,2,1195,0,46,7,41,19,165,423,166,585,244,2,58,40,234,101,499,726,227,88,200,275,98,31,176,66,46,133,161,79,52,108,72,1182,28,1291,713,190,403,696,233,201,103,468,1246,443,58,218,988,244,169
2020/07/17 17:00:00+00,,1,0,52,22,60,2,4,564,4,140,10,2,5,21,43,0,4,52,68,454,2,1211,0,46,7,42,19,166,429,170,589,247,2,58,42,236,102,504,737,229,91,203,276,97,32,177,67,46,137,165,79,54,115,72,1196,28,1306,720,193,404,700,236,215,105,472,1268,448,59,217,1001,254,170
2020/07/18 17:00:00+00,,1,0,52,22,60,2,4,573,4,139,8,1,3,21,45,0,4,54,69,474,2,1230,0,46,7,44,19,170,436,170,590,252,2,59,42,237,104,506,756,234,91,206,279,97,32,178,68,46,139,169,79,54,116,72,1213,28,1327,730,194,414,703,240,216,107,474,1287,456,59,221,1017,255,171
2020/07/19 17:00:00+00,,0,0,52,22,62,2,4,575,4,142,7,1,3,21,45,0,4,55,69,479,2,1247,0,46,7,45,20,172,442,170,600,254,2,58,42,238,105,512,768,238,93,208,282,99,32,182,71,46,147,169,79,54,117,72,1222,28,1337,737,194,416,708,242,217,110,481,1294,462,60,223,1022,258,172
2020/07/20 17:00:00+00,,1,0,52,22,63,2,4,576,3,143,7,1,4,21,45,0,4,55,70,487,2,1259,0,46,8,47,20,173,445,173,606,256,2,61,42,241,106,516,779,242,93,212,282,100,32,183,71,47,148,172,81,54,120,74,1230,28,1346,739,197,417,716,245,218,112,487,1304,464,62,225,1030,273,173
2020/07/21 17:00:00+00,,1,0,54,23,66,2,6,594,3,152,10,2,4,24,51,0,4,57,73,510,2,1315,0,46,9,50,22,180,454,181,622,262,2,64,43,247,106,536,798,244,97,229,296,104,32,188,76,51,156,176,81,55,131,74,1252,28,1381,757,203,430,733,253,224,115,499,1342,474,65,233,1072,284,174
2020/07/22 17:00:00+00,,1,0,50,24,61,2,5,608,3,154,7,2,4,11,55,0,2,58,76,523,2,1331,0,44,6,53,22,181,462,187,635,269,2,66,44,250,109,553,812,248,99,234,304,104,34,193,77,51,163,178,84,54,134,75,1273,29,1397,770,204,441,748,257,223,116,513,1356,485,66,237,1092,289,175
2020/07/23 17:00:00+00,,0,0,51,23,60,2,5,615,3,155,7,2,4,14,55,0,2,61,79,532,2,1344,0,44,7,54,23,185,471,194,650,277,2,67,44,251,110,561,815,253,100,238,306,105,34,199,78,50,166,182,86,55,136,75,1288,29,1415,782,206,446,756,259,222,122,517,1374,489,66,239,1098,296,176
2020/07/24 17:00:00+00,,0,0,48,23,61,2,6,627,3,155,2,0,4,13,55,0,2,62,82,543,2,1356,0,45,7,54,21,186,476,196,657,281,2,69,45,253,116,573,829,257,101,240,312,102,37,201,80,50,169,183,87,54,136,77,1303,29,1439,789,207,452,763,264,223,126,524,1396,504,67,240,1113,304,177
2020/07/25 17:00:00+00,,0,0,50,23,64,2,5,635,3,159,3,0,4,14,55,0,2,62,82,552,2,1371,0,46,7,55,24,187,480,199,662,283,2,70,49,259,117,578,843,257,102,241,316,103,37,203,86,50,172,183,87,55,138,77,1316,29,1449,795,207,461,769,266,224,126,526,1416,513,68,241,1126,307,178
2020/07/26 17:00:00+00,,0,0,50,23,65,2,5,637,3,159,3,0,4,14,55,0,2,63,83,554,2,1379,0,46,7,53,25,187,483,200,667,285,2,69,50,263,119,580,846,259,104,241,316,103,38,203,86,50,172,183,87,55,138,77,1322,29,1452,798,208,462,773,270,223,126,529,1420,513,68,242,1132,308,179
2020/07/27 17:00:00+00,,0,0,50,23,65,2,5,645,3,163,3,0,4,14,55,0,2,63,84,560,2,1396,0,48,7,54,25,189,490,201,673,286,2,69,50,265,121,589,858,266,107,244,318,104,40,212,89,51,175,185,89,55,138,78,1331,31,1471,804,210,466,777,271,225,129,534,1439,520,70,247,1153,314,180
2020/07/28 17:00:00+00,,0,0,49,17,63,2,4,651,3,159,2,0,4,9,58,0,2,70,89,589,2,1435,0,48,7,58,20,192,499,214,687,292,3,68,49,268,129,604,869,276,109,252,326,106,41,216,92,53,190,192,90,57,142,82,1356,31,1491,820,216,475,793,278,215,131,544,1453,530,71,257,1167,326,181
2020/07/29 17:00:00+00,,0,0,49,18,63,3,4,652,4,160,2,0,4,10,56,0,2,69,85,587,3,1436,0,47,8,55,21,197,501,212,684,292,2,69,49,272,129,607,874,275,109,253,329,106,41,214,91,55,190,192,91,57,140,83,1380,31,1507,820,215,477,793,276,215,130,540,1456,529,72,256,1175,326,182
2020/07/30 17:00:00+00,,0,0,51,18,63,3,4,659,4,161,3,0,4,9,56,0,2,69,87,600,3,1455,0,49,8,56,22,196,506,213,688,293,2,72,49,273,128,617,898,278,110,252,334,107,41,215,92,55,196,192,90,64,140,84,1403,31,1534,833,216,481,797,278,218,141,552,1472,544,72,257,1201,328,183
2020/07/31 17:00:00+00,,0,0,51,18,63,3,4,678,4,163,2,0,4,9,56,0,2,69,87,616,3,1476,0,48,7,56,22,196,509,213,696,297,2,72,49,275,127,625,926,283,111,253,338,107,41,215,93,57,202,191,92,65,142,85,1424,33,1563,839,219,485,803,280,218,142,556,1497,554,72,261,1224,332,184
2020/08/01 17:00:00+00,,0,0,51,18,63,3,4,697,4,164,2,0,5,9,56,0,2,70,87,620,3,1493,0,48,7,56,22,196,513,213,701,298,2,74,50,277,128,631,940,290,111,256,340,107,41,215,93,57,204,191,93,65,144,85,1442,33,1587,849,219,487,807,283,219,143,561,1514,560,72,265,1253,335,185
2020/08/02 17:00:00+00,,0,0,51,18,63,3,4,706,4,165,3,0,4,9,56,0,2,71,87,641,3,1530,0,49,7,56,22,197,523,214,709,298,2,71,51,279,128,636,958,300,112,257,343,107,41,216,94,57,205,193,93,65,145,85,1456,33,1609,857,224,492,810,284,219,143,563,1537,570,73,267,1266,336,186
2020/08/03 17:00:00+00,,0,0,52,19,63,3,4,732,4,167,3,0,4,9,56,0,2,72,87,654,3,1554,0,50,7,57,23,198,532,215,712,299,2,71,52,286,128,646,990,309,113,257,347,109,41,217,95,59,210,194,94,65,145,85,1481,34,1641,864,222,501,816,288,219,146,569,1567,582,74,273,1293,337,187
2020/08/04 17:00:00+00,,0,0,53,20,63,3,4,738,4,172,3,0,4,9,56,0,2,73,88,667,3,1579,0,51,7,57,23,200,537,216,723,304,2,71,53,292,129,652,996,312,116,260,352,109,41,221,96,61,210,194,94,66,147,85,1496,34,1660,871,223,504,820,292,218,149,578,1595,593,75,290,1311,341,188
2020/08/05 17:00:00+00,,0,0,52,20,65,3,4,741,3,174,3,0,4,9,58,1,2,73,88,676,3,1604,0,51,7,56,24,201,543,218,729,311,2,72,53,293,130,660,1000,317,116,261,356,110,41,224,97,60,214,197,95,66,148,85,1511,34,1669,879,228,507,826,295,222,150,583,1611,602,76,293,1319,342,189
2020/08/06 17:00:00+00,,0,0,53,20,64,3,4,749,3,175,2,0,4,9,57,1,2,74,88,689,3,1631,0,52,7,57,25,204,550,224,736,320,2,72,54,297,132,664,1010,318,117,264,357,110,41,226,95,61,215,198,96,66,149,85,1515,34,1691,902,232,510,838,299,223,152,584,1623,605,77,296,1329,350,190
2020/08/07 17:00:00+00,,0,0,61,20,65,3,5,756,3,175,2,0,5,9,60,0,2,80,89,704,3,1656,0,51,7,58,26,205,553,226,741,323,2,72,56,300,155,667,1019,321,117,271,358,112,41,226,95,62,215,199,97,66,152,86,1521,34,1707,908,232,517,841,302,223,153,589,1630,615,77,296,1338,353,191
2020/08/08 17:00:00+00,,0,0,61,20,65,3,5,761,3,175,2,0,5,9,60,0,2,81,89,709,3,1668,0,51,7,57,26,206,556,226,742,328,2,72,56,300,155,667,1022,322,117,272,360,113,41,227,96,63,215,202,97,66,154,86,1523,34,1721,911,234,521,846,305,223,154,590,1640,621,77,297,1345,372,192
2020/08/09 17:00:00+00,,0,0,61,20,65,3,4,763,3,175,2,0,5,9,60,0,2,82,89,711,3,1674,0,51,7,58,26,207,560,226,748,332,2,72,56,300,156,669,1030,322,118,273,362,113,41,228,97,64,215,205,97,66,157,86,1531,35,1729,921,234,526,849,306,223,158,590,1650,627,78,298,1352,376,193
2020/08/10 17:00:00+00,,0,0,62,20,65,4,4,778,3,175,2,0,5,9,60,0,2,84,89,725,3,1687,0,51,7,58,26,208,566,228,756,335,2,72,57,304,160,676,1044,323,118,275,367,112,41,233,99,64,217,206,98,64,164,89,1538,35,1750,940,237,531,855,307,223,160,593,1663,633,78,300,1364,378,194
2020/08/11 17:00:00+00,,0,0,62,21,65,5,4,794,4,178,2,0,5,9,60,0,2,86,89,737,3,1704,0,51,7,59,23,212,574,230,767,342,2,72,58,307,161,688,1059,323,120,280,372,115,44,234,102,65,220,215,98,67,167,90,1554,35,1763,952,242,534,867,311,224,161,600,1686,640,78,303,1381,391,195
2020/08/12 17:00:00+00,,0,0,62,21,65,5,4,798,5,180,2,0,5,9,62,0,2,87,90,743,3,1714,0,51,7,59,26,216,577,232,774,342,2,71,58,308,161,691,1063,332,122,281,375,116,44,235,103,64,221,217,99,67,168,90,1558,35,1771,962,247,536,870,312,224,165,604,1700,645,80,308,1393,402,196
2020/08/13 17:00:00+00,,0,0,62,21,65,6,4,818,5,181,2,0,5,9,62,0,2,90,92,754,3,1763,0,54,7,59,27,229,583,234,780,347,2,71,59,308,162,698,1078,334,123,285,379,117,45,237,102,64,225,220,99,69,167,92,1574,36,1785,980,256,538,877,321,228,166,604,1715,654,80,310,1402,407,197
2020/08/14 17:00:00+00,,0,0,63,21,65,6,4,821,5,179,2,0,5,9,63,0,2,94,94,756,3,1774,0,54,7,60,28,231,585,235,786,353,2,72,58,310,163,699,1080,335,124,290,384,117,46,238,102,64,227,225,99,69,169,92,1582,36,1795,983,263,545,884,327,229,170,608,1718,662,81,311,1413,408,198
2020/08/15 17:00:00+00,,0,0,64,21,66,6,4,835,5,180,2,0,5,9,64,0,2,94,94,759,3,1790,0,54,7,60,28,232,586,236,790,352,2,72,58,313,163,701,1085,339,125,291,390,118,46,238,102,66,227,226,100,69,169,92,1588,36,1807,987,265,551,887,329,229,170,610,1732,667,81,313,1418,412,199
2020/08/16 17:00:00+00,,0,0,64,21,66,6,4,840,5,180,2,0,5,9,63,0,2,94,94,764,3,1800,0,54,7,60,28,232,587,238,792,354,2,72,60,314,164,706,1099,341,126,293,391,118,46,238,102,67,229,226,100,69,169,93,1598,37,1818,995,269,554,894,330,229,171,613,1745,670,81,314,1428,412,200
2020/08/17 17:00:00+00,,0,0,64,21,67,6,4,851,5,180,2,0,6,9,63,0,2,95,95,770,3,1818,0,54,7,60,29,234,593,241,800,357,2,72,61,315,163,711,1107,344,130,297,394,118,47,238,102,68,231,232,101,71,171,96,1610,37,1853,1017,271,568,908,336,230,171,617,1756,681,82,317,1449,414,201
2020/08/18 17:00:00+00,,0,0,64,22,67,6,4,868,5,180,2,0,6,9,63,0,2,95,99,784,3,1845,0,54,7,60,30,237,602,246,813,359,2,73,62,317,164,721,1121,348,132,303,406,122,49,240,104,69,234,237,102,71,171,99,1631,38,1879,1037,281,576,922,344,231,173,616,1781,696,82,318,1469,422,202
2020/08/19 17:00:00+00,,0,0,65,22,67,6,4,876,5,180,2,0,6,9,64,0,2,95,100,791,3,1869,0,54,7,60,30,238,605,249,831,362,2,70,64,322,164,725,1130,352,133,305,411,122,50,242,104,73,235,248,117,72,174,100,1651,38,1904,1057,290,588,932,349,233,173,617,1801,698,84,319,1492,432,203
2020/08/20 17:00:00+00,,0,0,67,22,69,6,4,895,6,181,2,1,6,9,65,0,2,96,104,803,3,1888,0,55,7,59,30,238,608,256,837,366,2,70,65,327,165,729,1148,370,134,307,412,123,50,244,106,74,240,252,117,73,177,103,1662,38,1929,1073,301,597,939,355,236,171,619,1816,708,84,321,1507,434,204
2020/08/21 17:00:00+00,,0,0,69,22,70,6,4,908,6,181,2,1,6,9,65,0,2,96,105,819,3,1902,0,56,7,59,30,239,613,258,843,366,2,72,64,331,165,732,1149,391,134,308,413,123,51,247,107,75,242,256,120,73,180,103,1673,38,1951,1080,300,601,945,356,237,173,624,1825,719,84,322,1512,436,205
2020/08/22 17:00:00+00,,0,0,69,22,69,6,4,911,6,181,2,0,6,9,66,0,2,96,105,839,3,1908,0,55,7,59,30,239,612,259,845,369,2,72,64,332,165,735,1153,392,134,310,413,123,51,247,108,74,242,256,121,73,180,103,1675,38,1957,1087,302,602,946,356,239,174,624,1828,719,86,322,1516,436,206
2020/08/23 17:00:00+00,,0,0,69,22,69,6,4,914,6,181,2,0,6,9,66,0,2,96,104,839,3,1913,0,55,7,59,30,240,613,264,847,370,2,72,64,332,166,735,1154,395,134,314,415,123,52,249,109,74,244,260,121,73,181,105,1684,39,1968,1092,307,602,949,357,240,174,624,1837,722,86,322,1519,436,207
2020/08/24 17:00:00+00,,0,0,70,22,69,6,4,920,6,182,2,0,6,10,66,0,2,96,105,841,3,1924,0,55,7,59,30,241,616,266,855,371,2,74,64,333,168,737,1156,395,134,314,417,124,54,249,110,76,245,265,122,73,182,105,1695,39,1986,1101,309,608,952,360,243,174,630,1848,725,87,323,1525,437,208
2020/08/25 17:00:00+00,,0,0,71,22,70,6,4,924,6,181,2,0,6,9,68,0,2,98,105,841,3,1936,0,55,7,62,30,247,621,267,858,372,2,75,64,333,168,742,1158,401,136,315,417,124,54,252,110,77,249,266,122,74,183,106,1700,39,2000,1104,312,612,955,365,246,174,633,1854,732,87,323,1527,439,209
2020/08/26 17:00:00+00,,0,0,71,22,70,6,4,925,6,184,2,0,6,9,66,0,2,98,104,841,3,1951,0,56,7,62,29,253,623,269,858,374,2,75,66,334,167,741,1162,404,138,318,419,125,54,250,111,76,249,266,122,73,185,108,1708,39,2006,1109,313,614,960,364,249,176,634,1859,734,88,323,1535,441,210
2020/08/27 17:00:00+00,,0,0,71,22,70,6,4,928,6,185,3,0,6,9,66,0,2,98,104,843,3,1953,0,56,7,63,29,253,625,271,865,375,2,76,66,336,169,741,1163,406,139,318,424,124,54,251,111,77,250,268,122,74,187,109,1718,39,2022,1118,312,617,965,365,251,177,637,1868,742,88,326,1539,441,211
2020/08/28 17:00:00+00,,0,0,71,22,70,6,4,949,6,187,3,0,6,9,66,0,2,98,105,843,3,1961,0,56,7,63,28,253,625,271,866,375,2,77,66,340,169,742,1167,396,139,319,427,124,53,251,111,77,249,268,122,74,187,108,1721,39,2026,1120,313,621,970,366,251,180,639,1868,746,88,325,1539,447,212
2020/08/29 17:00:00+00,,0,0,71,22,70,6,4,950,6,186,3,0,6,9,66,0,2,98,105,843,3,1959,0,56,7,63,28,252,624,281,868,376,2,77,66,340,168,743,1167,395,140,321,426,124,53,251,111,77,249,269,122,74,186,107,1723,38,2027,1121,313,621,966,366,251,179,639,1873,745,88,325,1540,446,213
2020/08/30 17:00:00+00,,0,0,71,22,70,6,4,952,6,186,3,0,6,9,66,0,2,98,105,845,3,1961,0,56,7,64,28,253,624,281,869,377,2,77,66,340,169,745,1168,468,140,323,426,125,53,249,111,77,250,269,122,74,187,107,1725,38,2029,1123,312,622,969,366,251,180,639,1876,748,88,327,1543,450,214
2020/08/31 17:00:00+00,,0,0,71,22,70,6,4,938,6,186,3,0,6,11,66,0,2,98,105,847,3,1963,0,56,7,64,28,255,625,289,873,380,3,77,66,340,169,745,1169,485,140,324,427,125,53,251,111,78,251,272,122,74,189,108,1727,38,2034,1138,316,623,973,368,251,179,641,1880,750,89,329,1544,450,215
2020/09/01 17:00:00+00,,0,0,72,22,70,6,4,943,6,187,3,0,6,11,66,0,2,100,104,847,3,1965,0,57,7,65,28,256,625,288,878,378,3,77,66,340,169,745,1169,500,139,324,426,125,53,252,112,78,251,272,122,74,189,108,1728,38,2040,1139,317,626,975,368,250,179,644,1886,752,91,328,1550,452,216
2020/09/03 17:00:00+00,,0,0,72,22,70,6,4,947,6,191,3,0,6,9,66,0,2,100,104,852,3,1966,0,58,7,66,28,256,630,290,884,399,3,79,67,341,169,752,1176,508,140,326,427,125,57,256,116,78,254,273,123,74,192,111,1742,39,2052,1146,319,627,977,373,250,178,645,1895,756,82,329,1551,453,218
2020/09/04 17:00:00+00,,0,0,72,23,71,6,4,953,7,192,3,0,6,9,67,0,2,100,105,856,3,1975,0,58,7,67,28,257,635,291,888,411,4,79,68,340,169,757,1182,510,140,328,432,125,56,257,119,80,256,273,123,74,196,113,1751,39,2054,1154,319,631,981,375,251,180,647,1895,757,82,331,1555,455,219
2020/09/05 17:00:00+00,,0,0,72,22,71,6,4,955,7,194,3,0,6,9,68,0,3,102,105,857,3,1983,0,58,7,67,28,257,636,292,891,421,4,79,68,340,169,758,1185,511,140,328,432,126,56,259,120,82,256,272,124,76,197,114,1754,39,2057,1156,323,633,982,375,253,180,646,1897,758,85,331,1556,456,220
2020/09/06 17:00:00+00,,0,0,72,22,71,6,4,958,7,193,3,0,6,9,68,0,3,102,105,857,3,1983,0,58,7,66,28,258,637,292,892,438,4,79,68,341,169,758,1187,510,140,327,432,126,56,259,120,83,256,273,124,76,199,115,1755,39,2055,1155,324,633,982,376,254,181,647,1898,758,85,333,1557,456,221
2020/09/07 17:00:00+00,,0,0,72,22,71,6,4,958,7,197,3,0,6,9,68,0,3,103,105,859,3,1990,0,58,7,66,28,259,637,292,894,451,4,79,69,341,170,758,1189,512,141,327,432,127,56,260,122,84,257,274,124,76,198,114,1756,39,2057,1156,326,634,981,375,253,182,648,1909,758,86,335,1560,457,222
2020/09/08 17:00:00+00,,,,,,,,,,,,,,,,,,,,,,,,,,,,,,,,,,,,,,,,,,,,,,,,,,,,,,,,,,,,,,,,,,,,,,,,,223
2020/09/09 17:00:00+00,,0,0,72,22,71,6,4,965,7,199,3,0,6,9,70,0,3,106,106,863,3,1998,0,60,7,68,28,261,645,293,896,468,3,79,69,345,170,760,1197,514,142,332,435,128,56,262,120,87,262,273,124,78,198,114,1763,40,2074,1168,331,640,991,377,255,183,650,1911,762,87,337,1570,458,224
2020/09/10 17:00:00+00,,0,0,72,22,71,6,4,965,7,199,3,0,6,9,70,0,3,105,111,863,3,2002,0,60,7,69,29,268,654,303,914,474,3,79,69,346,170,773,1200,514,142,340,437,129,56,265,121,88,263,279,129,86,200,122,1778,41,2087,1185,339,641,1000,386,255,186,651,1915,766,88,337,1575,460,1
2020/09/11 17:00:00+00,,1,0,72,22,71,6,4,968,7,199,3,0,6,9,68,0,3,105,112,865,3,2003,0,61,8,68,29,265,657,303,920,483,3,80,69,347,171,777,1203,514,142,341,437,130,56,269,123,89,262,285,129,87,202,123,1787,41,2099,1195,343,643,1004,388,255,187,651,1919,766,88,338,1577,461,2
2020/09/12 17:00:00+00,,1,0,72,22,71,6,4,969,7,199,3,0,6,9,68,0,3,106,112,867,3,2008,0,62,7,68,29,266,660,303,922,488,3,79,69,347,171,779,1204,515,143,342,437,130,57,268,126,90,262,286,130,87,205,126,1787,41,2102,1198,344,643,1007,390,255,187,652,1921,767,88,339,1580,462,3
2020/09/13 17:00:00+00,,1,0,72,22,71,6,4,973,7,199,3,1,6,9,68,0,3,106,113,870,3,2026,0,60,7,69,29,266,661,304,930,508,3,79,69,347,171,781,1205,515,143,342,437,130,57,273,129,90,262,290,132,87,207,126,1789,41,2106,1200,350,647,1009,389,257,188,653,1922,768,90,340,1584,467,4
2020/09/14 17:00:00+00,,1,0,72,22,71,6,4,975,7,199,1,1,6,9,69,0,3,107,113,871,3,2034,0,60,7,73,29,267,662,303,932,510,3,80,69,349,171,783,1210,515,145,344,437,134,57,275,130,90,263,290,133,87,207,126,1793,42,2109,1202,350,649,1014,390,257,188,654,1929,768,91,340,1587,467,5
2020/09/15 17:00:00+00,,1,0,73,22,72,6,4,980,7,201,1,1,7,9,71,0,3,106,115,874,3,2043,0,61,7,73,31,268,665,306,934,569,3,81,69,352,172,785,1211,515,146,346,439,136,59,276,130,91,263,291,133,87,207,127,1801,42,2120,1206,352,651,1020,394,258,189,656,1934,770,91,341,1594,470,6
2020/09/16 17:00:00+00,,1,0,74,22,73,6,4,980,7,202,1,1,7,9,72,0,3,106,115,876,3,2059,0,63,7,75,31,268,669,306,934,608,3,81,69,352,172,785,1212,517,149,346,442,139,59,277,130,91,265,291,134,87,208,129,1802,42,2124,1208,354,654,1028,395,258,192,657,1937,772,93,343,1598,469,7
2020/09/17 17:00:00+00,,1,0,74,22,73,6,4,983,7,202,1,1,7,9,72,0,3,106,115,881,3,2093,0,63,7,75,31,269,672,306,936,618,3,81,70,352,173,788,1217,518,149,347,442,140,60,278,129,92,265,292,135,87,210,130,1808,42,2129,1208,355,654,1030,396,258,192,658,1940,772,93,343,1604,471,8
2020/09/18 17:00:00+00,,1,0,75,22,74,11,4,986,7,202,1,1,7,9,72,0,3,106,115,883,3,2120,0,65,7,75,31,270,675,308,942,646,3,81,71,356,174,792,1218,519,149,347,444,140,60,279,129,92,269,294,134,89,210,130,1815,42,2137,1216,358,656,1030,399,260,193,658,1944,772,94,344,1611,472,9
2020/09/19 17:00:00+00,,1,0,75,22,85,11,9,985,7,202,6,1,37,9,72,10,3,108,116,892,3,2353,0,100,7,76,46,272,680,311,948,650,3,87,72,356,179,802,1224,525,149,348,470,146,60,279,131,93,273,296,134,90,216,133,1823,42,2141,1222,358,659,1034,399,261,192,660,1987,773,94,345,1624,476,10
2020/09/20 17:00:00+00,,0,0,74,22,74,11,4,985,7,202,1,1,7,9,72,0,3,106,115,885,3,2124,0,65,7,75,31,272,675,313,946,653,3,81,72,356,174,794,1219,519,149,348,447,140,60,280,130,92,269,296,134,90,211,132,1821,42,2139,1219,358,658,1032,399,261,192,658,1949,773,94,345,1612,475,11
2020/09/21 17:00:00+00,,0,0,74,24,89,11,11,990,7,203,8,1,49,10,72,14,3,107,115,893,3,2444,0,114,7,75,52,273,686,312,946,683,7,89,72,357,175,802,1220,526,153,349,477,148,60,281,132,92,271,296,135,91,213,132,1822,42,2142,1221,366,661,1036,401,264,193,660,1996,775,95,347,1624,479,12
2020/09/22 17:00:00+00,,0,0,74,23,75,11,4,992,7,203,1,1,6,10,72,0,3,107,115,885,3,2147,0,65,7,75,31,274,679,312,949,686,7,82,72,359,175,796,1222,519,153,349,450,141,60,281,131,91,272,296,135,91,215,132,1824,42,2147,1223,369,662,1038,402,265,194,662,1959,776,95,348,1622,479,13
2020/09/24 17:00:00+00,,0,0,74,23,76,11,4,1000,7,203,1,1,6,10,72,0,3,108,115,888,3,2176,,66,7,75,31,276,685,313,959,708,8,82,72,360,176,806,1225,522,156,349,452,144,61,282,136,94,278,301,137,91,223,133,1838,42,2163,1232,371,666,1049,410,269,196,662,1975,780,95,354,1637,488,15
2020/09/25 17:00:00+00,,0,0,74,24,76,11,4,1004,7,204,1,1,6,10,72,0,3,111,115,888,3,2213,,69,7,78,32,279,687,315,961,713,9,82,72,360,177,805,1227,523,156,354,454,145,61,283,136,96,291,307,137,91,229,137,1843,42,2172,1240,373,667,1050,411,273,197,663,1981,785,96,354,1637,492,16
2020/09/26 17:00:00+00,,0,0,74,24,77,11,4,1004,7,204,1,1,6,10,72,0,3,111,114,891,3,2220,,69,7,81,32,279,689,315,963,715,9,82,72,360,177,805,1230,524,158,357,454,145,61,284,137,96,292,308,137,91,229,137,1848,42,2172,1241,374,669,1054,411,274,198,665,1982,785,96,353,1635,497,17
2020/09/27 17:00:00+00,,0,0,74,24,77,11,4,1006,7,204,1,1,6,10,72,0,3,111,114,894,3,2233,,69,7,87,32,280,691,316,969,722,9,82,72,360,177,812,1231,526,160,358,455,146,62,287,139,97,295,309,137,91,232,138,1855,42,2180,1246,377,669,1058,413,277,199,665,1985,789,96,353,1637,500,18
2020/09/28 17:00:00+00,,0,0,74,24,77,13,4,1011,7,204,1,1,6,10,73,0,3,112,114,895,3,2239,,70,7,87,32,280,692,317,971,728,10,83,72,360,178,815,1231,526,161,361,457,147,63,289,144,97,295,313,138,91,236,139,1860,42,2184,1249,379,672,1065,414,277,200,666,1986,789,96,353,1640,502,19
2020/09/29 17:00:00+00,,0,0,74,24,78,13,4,1013,7,205,1,1,6,10,74,0,3,114,114,895,3,2251,,71,7,86,33,280,693,321,973,733,10,83,73,361,177,816,1234,530,161,361,460,147,64,289,145,100,296,313,138,91,236,140,1861,42,2186,1253,380,671,1066,415,277,200,666,1991,792,97,355,1640,503,20
2020/09/30 17:00:00+00,,1,0,74,24,76,13,4,1013,7,206,1,1,6,10,75,0,3,116,114,896,3,2254,,72,7,86,32,281,694,322,975,758,10,83,73,362,179,818,1239,531,161,361,461,148,64,292,146,102,298,316,138,91,236,139,1863,44,2188,1254,379,672,1068,415,282,200,668,1995,793,97,356,1645,504,21
2020/10/01 17:00:00+00,,1,0,74,24,76,13,4,1014,7,205,1,1,6,10,74,1,3,117,114,897,3,2264,,72,7,86,33,282,694,323,977,764,10,84,74,362,179,819,1241,531,162,362,461,148,64,291,146,102,298,316,138,91,237,139,1865,44,2191,1259,382,672,1068,416,283,200,668,2002,793,97,357,1651,505,22
2020/10/02 17:00:00+00,,1,0,74,24,77,13,4,1014,7,205,1,1,7,10,74,1,3,118,114,900,3,2268,,72,7,86,33,285,695,324,979,764,10,84,75,362,180,820,1243,531,162,364,462,148,64,295,147,104,298,317,139,91,237,139,1877,44,2194,1262,383,674,1069,418,284,200,668,2008,795,97,357,1655,506,23
2020/10/03 17:00:00+00,,1,0,74,24,77,13,4,1014,8,204,1,1,6,10,75,0,3,119,114,903,3,2281,,72,7,88,33,286,696,324,980,769,10,84,75,364,180,823,1244,532,162,367,463,148,69,299,150,107,301,318,139,91,239,141,1883,44,2198,1267,383,676,1078,417,290,202,666,2008,799,97,359,1659,508,24
2020/10/04 17:00:00+00,,1,0,74,24,77,13,4,1014,8,205,1,1,6,10,75,0,3,120,114,903,3,2287,,72,7,88,33,286,697,325,981,775,10,84,75,364,180,824,1244,533,162,369,463,148,69,301,151,108,302,320,139,91,239,142,1885,44,2199,1267,384,676,1079,420,294,202,666,2009,799,97,359,1659,509,25
2020/10/05 17:00:00+00,,1,0,76,24,77,13,4,1016,8,205,1,1,6,10,75,0,3,121,115,903,3,2294,,72,7,89,33,285,700,326,986,776,10,83,75,364,180,824,1244,534,164,370,464,147,69,302,150,108,304,320,141,91,240,143,1893,44,2201,1269,386,676,1082,422,295,202,667,2012,801,97,359,1661,511,26
2020/10/06 17:00:00+00,,1,0,75,24,78,13,5,1019,8,205,1,1,6,11,75,0,3,123,114,908,3,2312,,72,7,90,32,286,702,329,989,791,10,84,76,364,180,830,1248,534,166,371,465,146,69,303,153,108,306,325,141,90,241,145,1903,44,2209,1274,391,676,1088,422,298,204,668,2017,803,100,366,1666,512,27
2020/10/07 17:00:00+00,,1,0,75,24,78,13,5,1019,8,205,1,1,6,11,75,0,3,123,114,908,3,2312,0,72,7,90,32,286,702,329,989,791,10,84,76,364,180,830,1248,534,166,371,465,146,69,303,153,108,306,325,141,90,241,145,1903,44,2209,1274,391,676,1088,422,298,204,668,2017,803,100,366,1666,512,28
2020/10/08 17:00:00+00,,1,0,75,23,79,13,5,1024,8,205,1,1,6,11,75,0,3,123,114,910,3,2321,,72,7,91,32,287,705,330,990,791,10,84,76,364,182,834,1249,533,167,374,466,147,69,304,156,108,309,326,141,90,242,145,1903,44,2221,1276,392,677,1091,422,298,203,667,2020,806,100,369,1672,513,29
2020/10/09 17:00:00+00,,1,0,75,23,79,13,5,1025,8,207,1,1,6,11,75,0,3,123,114,912,3,2337,,72,7,91,32,288,707,332,993,792,10,84,76,364,182,840,1250,533,168,377,467,147,70,304,157,108,310,327,142,90,243,145,1907,44,2224,1278,396,678,1092,425,299,204,667,2025,808,100,372,1679,513,30
2020/10/10 17:00:00+00,,1,0,75,23,79,13,5,1027,8,207,1,1,6,10,75,0,3,123,114,913,3,2349,,72,7,91,32,290,707,332,994,795,10,84,76,364,182,842,1250,533,168,377,467,146,70,305,157,108,310,327,142,90,243,145,1908,44,2225,1278,397,678,1095,425,300,204,667,2025,808,100,374,1679,516,31
2020/10/11 17:00:00+00,,1,0,75,23,79,13,5,1030,8,208,1,1,6,10,75,0,3,123,114,913,3,2356,,73,7,91,32,292,709,334,994,796,11,84,76,364,182,842,1252,533,169,379,467,147,70,307,159,108,311,330,142,91,245,145,1912,44,2227,1281,400,678,1097,427,302,204,669,2025,809,102,375,1682,518,32
2020/10/12 17:00:00+00,,1,0,75,23,79,13,5,1031,8,209,1,1,6,10,77,0,3,124,114,917,3,2358,,73,7,91,32,294,710,334,996,834,14,84,76,366,183,844,1253,534,169,381,470,147,70,309,159,108,314,332,142,91,246,146,1920,44,2233,1284,406,679,1099,429,302,210,671,2024,813,103,376,1688,520,33
2020/10/14 17:00:00+00,,0,0,75,23,80,13,5,1040,8,211,1,1,6,10,78,0,3,125,115,921,3,2389,0,73,7,92,32,297,718,335,1004,821,12,86,78,369,182,851,1259,536,170,383,473,150,70,310,164,108,315,334,143,92,247,146,1926,44,2246,1299,411,684,1111,434,307,207,671,2033,821,104,379,1698,521,35
2020/10/15 17:00:00+00,,0,0,75,23,80,13,5,1039,8,210,1,1,7,10,77,0,3,125,115,923,3,2394,0,72,7,92,32,297,718,351,1006,823,12,86,78,369,182,853,1261,536,172,385,475,151,70,311,165,108,316,335,143,92,248,150,1935,44,2252,1303,413,685,1114,435,307,208,672,2037,823,105,379,1703,522,36
2020/10/16 17:00:00+00,,0,0,75,23,80,13,5,1041,8,211,1,1,7,10,78,0,3,125,115,934,3,2405,0,74,8,92,32,300,720,351,1012,831,13,86,78,369,182,854,1263,536,173,385,478,152,71,312,168,108,321,336,143,93,249,151,1940,44,2256,1303,414,685,1117,440,307,210,674,2045,823,106,379,1712,524,37
2020/10/17 17:00:00+00,,0,0,76,23,85,13,5,1048,9,212,1,1,7,10,78,0,3,126,116,940,3,2426,0,74,7,94,32,333,721,355,1019,838,13,86,78,369,182,858,1267,536,174,389,481,152,72,316,172,109,324,337,143,94,252,154,1946,44,2265,1310,419,687,1124,442,311,214,678,2055,826,109,381,1722,527,38
2020/10/18 17:00:00+00,,0,0,75,23,84,13,5,1046,9,211,1,1,7,10,78,0,3,128,115,938,3,2432,0,74,7,93,32,301,722,354,1015,838,13,86,78,369,182,859,1266,536,173,391,484,152,72,316,172,109,322,337,143,93,252,153,1946,44,2263,1306,419,686,1122,441,311,214,675,2054,825,109,381,1715,528,39
2020/10/19 17:00:00+00,,0,0,75,23,85,13,5,1049,9,211,1,1,7,10,78,0,3,129,115,938,3,2446,0,74,7,93,32,301,724,354,1019,856,13,87,78,371,182,860,1266,537,174,393,485,154,73,319,173,109,321,338,143,94,257,154,1951,44,2269,1314,419,688,1123,442,311,215,675,2055,827,107,382,1720,528,40
2020/10/20 17:00:00+00,,0,0,75,23,86,13,5,1051,9,211,1,1,7,10,78,0,3,129,117,939,3,2458,0,74,7,94,33,301,726,354,1022,863,13,88,78,372,183,862,1273,537,175,396,489,155,73,322,174,109,322,338,144,94,258,154,1957,44,2273,1317,422,691,1130,443,312,219,679,2063,829,108,384,1724,529,41
2020/10/21 17:00:00+00,,0,0,75,23,87,13,5,1054,9,211,1,1,7,10,78,0,3,130,118,939,3,2461,0,74,7,96,33,301,726,355,1022,869,13,87,78,372,183,862,1277,537,174,397,492,156,73,322,174,109,324,339,145,95,261,155,1959,44,2278,1321,422,693,1130,446,314,221,680,2068,830,108,386,1727,529,42
2020/10/22 17:00:00+00,,0,0,75,23,88,13,5,1062,9,212,1,1,7,10,78,0,3,130,118,940,3,2471,0,74,7,96,31,301,727,356,1024,869,13,87,78,372,183,864,1278,536,175,400,495,156,76,323,175,109,327,340,145,96,261,156,1963,44,2284,1324,424,694,1141,446,318,221,686,2075,832,109,389,1729,531,43
2020/10/23 17:00:00+00,,0,0,75,24,87,13,5,1064,9,212,1,1,7,10,78,0,3,131,118,945,3,2480,0,75,7,96,31,302,728,358,1027,873,13,89,78,373,183,868,1279,537,177,400,498,157,78,321,175,111,327,339,146,95,263,156,1968,44,2294,1326,425,698,1142,449,318,221,689,2080,833,110,390,1734,532,44
2020/10/24 17:00:00+00,,0,0,75,24,87,13,5,1065,9,213,1,1,7,10,78,0,3,132,118,953,3,2491,0,75,7,96,31,302,729,358,1034,873,13,89,78,373,184,873,1281,537,179,400,500,157,78,322,175,111,327,339,147,95,263,156,1975,44,2296,1331,425,699,1144,450,318,222,693,2083,835,112,390,1742,532,45
2020/10/25 17:00:00+00,,0,0,75,24,87,13,5,1069,9,213,1,1,7,10,78,0,3,132,118,957,3,2491,0,75,7,96,31,302,732,361,1036,882,14,88,78,373,183,872,1285,537,179,400,500,157,78,323,176,111,329,339,146,96,263,156,1977,44,2298,1332,426,699,1142,450,318,223,697,2084,835,112,393,1740,534,46
2020/10/26 17:00:00+00,,0,0,75,24,87,13,5,1072,9,213,1,1,7,10,78,0,3,133,118,960,4,2498,0,75,7,96,31,302,736,366,1036,900,14,89,79,373,185,873,1288,540,179,400,505,157,79,325,178,111,331,340,146,97,265,157,1981,44,2300,1332,428,707,1143,453,318,224,699,2087,838,113,395,1746,536,47
2020/10/27 17:00:00+00,,0,0,75,24,89,13,5,1080,9,213,1,1,8,10,78,0,3,133,118,963,4,2509,0,75,7,96,31,302,740,368,1037,901,14,92,79,373,185,879,1292,540,179,400,509,160,80,332,179,111,332,342,149,98,265,157,1984,44,2305,1338,431,708,1152,455,320,225,700,2088,842,113,397,1750,541,48
2020/10/28 17:00:00+00,,0,0,75,24,89,13,5,1087,9,214,1,1,8,11,79,,3,133,117,967,4,2515,,75,7,96,31,305,742,368,1039,903,14,92,79,374,185,880,1294,543,181,406,510,160,81,332,180,111,332,344,149,98,270,157,1988,44,2308,1340,431,711,1152,455,323,225,704,2092,844,112,397,1751,542,49
2020/10/29 17:00:00+00,,0,0,75,24,89,13,5,1087,9,216,1,1,8,11,79,0,3,133,118,976,4,2525,0,76,7,96,31,305,745,369,1041,906,14,94,79,374,185,880,1295,543,181,406,513,160,81,334,182,111,331,345,149,99,274,157,1991,44,2315,1342,433,715,1156,458,324,225,705,2092,848,112,402,1753,547,50
2020/10/30 17:00:00+00,,0,0,75,24,89,13,5,1088,9,216,1,1,8,11,79,,3,134,118,978,4,2530,,76,7,97,31,308,745,370,1047,908,14,95,79,376,185,882,1298,543,182,409,514,159,81,338,183,113,333,346,150,99,276,157,1995,44,2319,1347,439,715,1160,458,327,225,706,2095,849,113,404,1756,548,51
2020/10/31 17:00:00+00,,0,0,72,24,86,12,5,1065,9,217,1,1,8,11,79,,3,134,113,971,4,2471,,73,6,95,29,281,703,350,958,818,13,85,78,362,180,818,1249,539,164,394,473,148,77,325,181,113,329,320,139,98,271,158,1784,43,2225,1260,434,682,1114,449,324,211,643,1910,778,109,370,1591,518,52
2020/11/01 17:00:00+00,,0,0,75,24,89,13,5,1089,9,217,1,1,8,11,79,,3,139,119,981,4,2550,,76,7,97,31,308,752,370,1057,918,15,94,79,377,185,888,1299,545,183,415,518,159,81,340,185,114,334,351,149,99,276,160,2003,44,2331,1360,446,718,1167,463,332,226,710,2104,850,116,406,1763,552,53
2020/11/02 17:00:00+00,,0,0,75,24,89,13,5,1090,9,217,1,1,8,11,79,,3,139,120,985,4,2565,,76,7,97,31,309,755,372,1063,922,15,94,79,377,187,889,1299,545,186,419,520,159,81,343,185,115,336,351,152,99,279,162,2005,44,2334,1361,446,720,1168,463,335,227,712,2106,852,116,406,1768,554,54
2020/11/03 17:00:00+00,,0,0,75,24,89,13,5,1094,9,217,1,1,8,11,79,0,3,139,121,987,4,2577,0,76,8,99,31,312,758,372,1073,923,15,95,81,380,187,897,1305,546,188,423,523,161,82,344,187,117,336,353,154,99,281,165,2010,44,2346,1369,448,721,1176,464,335,227,716,2112,856,116,413,1771,557,55
2020/11/04 17:00:00+00,,0,0,75,24,90,13,5,1096,9,217,2,1,8,11,79,0,3,139,123,991,4,2592,0,78,8,100,31,314,762,373,1079,931,15,95,82,382,188,904,1309,549,190,425,531,161,82,345,188,118,337,356,154,99,283,166,2012,44,2358,1377,448,723,1186,465,339,229,720,2118,857,117,414,1776,558,56