Zipcode,10/8/2020 5:00,10/9/2020 5:00,10/10/2020 5:00,10/11/2020 5:00,10/12/2020 5:00,10/13/2020 5:00,10/14/2020 5:00,10/15/2020 5:00,10/16/2020 5:00,10/17/2020 5:00,10/18/2020 5:00,10/19/2020 5:00,10/20/2020 5:00,10/21/2020 5:00,10/22/2020 5:00,10/23/2020 5:00,10/24/2020 5:00,10/25/2020 5:00,10/26/2020 5:00,10/27/2020 5:00,10/28/2020 5:00,10/29/2020 5:00,10/30/2020 5:00,10/31/2020 5:00,11/1/2020 5:00,11/2/2020 5:00,11/3/2020 5:00,11/4/2020 5:00,11/5/2020 5:00,11/6/2020 5:00,11/7/2020 5:00,11/8/2020 5:00,11/9/2020 5:00,11/10/2020 5:00,11/11/2020 5:00,11/12/2020 5:00,11/13/2020 5:00,11/14/2020 5:00,11/15/2020 5:00,11/16/2020 5:00,11/17/2020 5:00,11/18/2020 5:00,11/19/2020 5:00,11/20/2020 5:00,11/21/2020 5:00,11/22/2020 5:00,11/23/2020 5:00,11/24/2020 5:00,11/25/2020 5:00,11/26/2020 5:00,11/27/2020 5:00,11/28/2020 5:00,11/29/2020 5:00,11/30/2020 5:00,12/1/2020 5:00,12/2/2020 5:00,12/3/2020 5:00,12/4/2020 5:00,12/5/2020 5:00,12/6/2020 5:00
Zip_76574,0.161538462,0.026094675,0.004215294,0.000680932,0.000109997,1.78E-05,2.87E-06,4.64E-07,7.49E-08,1.21E-08,1.95E-09,3.16E-10,5.10E-11,8.24E-12,1.33E-12,2.15E-13,3.47E-14,5.61E-15,9.06E-16,1.46E-16,2.36E-17,3.82E-18,6.17E-19,9.97E-20,1.61E-20,2.60E-21,4.20E-22,6.79E-23,1.10E-23,1.77E-24,2.86E-25,4.62E-26,7.47E-27,1.21E-27,1.95E-28,3.15E-29,5.08E-30,8.21E-31,1.33E-31,2.14E-32,3.46E-33,5.59E-34,9.03E-35,1.46E-35,2.36E-36,3.81E-37,6.15E-38,9.94E-39,1.61E-39,2.59E-40,4.19E-41,6.77E-42,1.09E-42,1.77E-43,2.85E-44,4.61E-45,7.44E-46,1.20E-46,1.94E-47,3.14E-48
Zip_78605,0,0,0,0,0,0,0,0,0,0,0,0,0,0,0,0,0,0,0,0,0,0,0,0,0,0,0,0,0,0,0,0,0,0,0,0,0,0,0,0,0,0,0,0,0,0,0,0,0,0,0,0,0,0,0,0,0,0,0,0
Zip_78610,76.18920804,77.39727229,78.62449174,79.87117011,81.13761594,82.42414268,83.73106872,85.05871753,86.40741767,87.77750295,89.16931244,90.58319062,92.0194874,93.47855826,94.9607643,96.46647236,97.99605509,99.54989104,101.1283648,102.731867,104.3607945,106.0155504,107.6965444,109.4041923,111.1389169,112.9011475,114.6913202,116.5098781,118.3572712,120.2339568,122.1403993,124.0770705,126.0444499,128.0430242,130.0732881,132.1357441,134.2309026,136.3592822,138.5214096,140.7178199,142.9490567,145.2156723,147.5182276,149.8572924,152.2334457,154.6472755,157.0993793,159.5903639,162.1208458,164.6914514,167.3028167,169.9555881,172.6504221,175.3879857,178.1689564,180.9940225,183.8638831,186.7792485,189.7408403,192.7493914
Zip_78612,23.18073928,22.38944474,21.62516172,20.88696816,20.17397347,19.48531747,18.82016934,18.17772661,17.55721423,16.95788356,16.37901157,15.81989987,15.27987393,14.75828225,14.25449555,13.76790604,13.29792668,12.84399047,12.40554977,11.98207562,11.57305713,11.17800083,10.79643013,10.42788467,10.07191982,9.728106145,9.396028844,9.075287289,8.765494524,8.466276802,8.177273136,7.898134859,7.628525208,7.368118915,7.116601816,6.87367047,6.639031796,6.412402715,6.193509813,5.98208901,5.777885238,5.580652138,5.39015176,5.206154277,5.028437707,4.856787645,4.690997007,4.530865775,4.376200761,4.22681537,4.082529379,3.943168715,3.808565247,3.678556585,3.552985881,3.431701641,3.314557543,3.201412261,3.09212929,2.986576787
Zip_78613,81.23932086,84.61316993,88.12713411,91.78703237,95.59892531,99.56912522,103.7042066,108.0110168,112.4966878,117.1686477,122.0346329,127.1027012,132.3812452,137.8790059,143.6050872,149.5689712,155.7805339,162.2500612,168.9882665,176.0063077,183.3158065,190.9288669,198.8580959,207.1166239,215.7181265,224.6768473,234.0076217,243.7259008,253.8477776,264.3900136,275.370066,286.8061172,298.7171049,311.122753,324.0436046,337.501056,351.517392,366.1158231,381.3205234,397.1566712,413.6504903,430.8292937,448.7215285,467.3568235,486.7660377,506.9813119,528.0361213,549.9653319,572.8052572,596.593719,621.3701098,647.175458,674.052496,702.0457308,731.2015177,761.5681373,793.1958752,826.1371053,860.4463766,896.1805035
Zip_78615,8.492121212,5.547394052,3.623780208,2.367198521,1.546348983,1.010137154,0.659862088,0.431048372,0.281578079,0.18393809,0.120155735,0.078490544,0.05127317,0.03349369,0.021879421,0.014292515,0.009336444,0.00609894,0.003984072,0.002602555,0.001700094,0.001110569,0.000725468,0.000473905,0.000309574,0.000202226,0.000132102,8.63E-05,5.64E-05,3.68E-05,2.41E-05,1.57E-05,1.03E-05,6.71E-06,4.38E-06,2.86E-06,1.87E-06,1.22E-06,7.98E-07,5.21E-07,3.40E-07,2.22E-07,1.45E-07,9.49E-08,6.20E-08,4.05E-08,2.64E-08,1.73E-08,1.13E-08,7.37E-09,4.82E-09,3.15E-09,2.05E-09,1.34E-09,8.77E-10,5.73E-10,3.74E-10,2.44E-10,1.60E-10,1.04E-10
Zip_78616,3.126702927,1.955254238,1.22269983,0.764603827,0.478137805,0.298998975,0.186976194,0.116923803,0.073117199,0.045723152,0.028592543,0.017880077,0.011181138,0.006992019,0.004372394,0.002734235,0.001709828,0.001069225,0.00066863,0.000418121,0.000261468,0.000163507,0.000102247,6.39E-05,4.00E-05,2.50E-05,1.56E-05,9.78E-06,6.11E-06,3.82E-06,2.39E-06,1.50E-06,9.35E-07,5.85E-07,3.66E-07,2.29E-07,1.43E-07,8.94E-08,5.59E-08,3.50E-08,2.19E-08,1.37E-08,8.55E-09,5.35E-09,3.34E-09,2.09E-09,1.31E-09,8.18E-10,5.11E-10,3.20E-10,2.00E-10,1.25E-10,7.82E-11,4.89E-11,3.06E-11,1.91E-11,1.20E-11,7.48E-12,4.68E-12,2.92E-12
Zip_78617,1164.073652,1329.801244,1519.123248,1735.398771,1982.465147,2264.706029,2587.129164,2955.455244,3376.21941,3856.887202,4405.987017,5033.26143,5749.840054,6568.437006,7503.5765,8571.850539,9792.213308,11186.31747,12778.89837,14598.21285,16676.54067,19050.75721,21762.98775,24861.35488,28400.83236,32444.22045,37063.26024,42339.90648,48367.78171,55253.83738,63120.25149,72106.59634,82372.31494,94099.55003,107496.3757,122800.4893,140283.429,160255.391,183070.7343,209134.2672,238908.43,272921.5001,311776.965,356164.2299,406870.8496,464796.5022,530968.9517,606562.2833,692917.7353,791567.4962,904261.8902,1033000.433,1180067.307,1348071.894,1539995.066,1759242.081,2009702.998,2295821.695,2622674.726,2996061.379
Zip_78620,7.887570208,7.776720472,7.667428589,7.559672663,7.45343111,7.348682646,7.245406288,7.143581347,7.043187426,6.944204413,6.846612481,6.750392078,6.655523931,6.561989034,6.469768651,6.378844308,6.28919779,6.20081114,6.113666651,6.027746867,5.943034576,5.859512808,5.777164832,5.695974151,5.615924502,5.536999849,5.459184381,5.38246251,5.306818867,5.2322383,5.158705866,5.086206838,5.01472669,4.944251105,4.874765964,4.806257349,4.738711534,4.67211499,4.606454375,4.541716536,4.477888506,4.414957496,4.352910902,4.291736293,4.231421416,4.171954187,4.113322694,4.055515192,3.9985201,3.942326002,3.88692164,3.832295916,3.778437887,3.725336763,3.672981909,3.621362834,3.5704692,3.520290812,3.470817616,3.422039703
Zip_78621,205.7811936,206.5653641,207.3525228,208.1426812,208.9358506,209.7320425,210.5312685,211.3335401,212.138869,212.9472667,213.7587449,214.5733155,215.3909901,216.2117806,217.035699,217.862757,218.6929667,219.5263401,220.3628893,221.2026262,222.0455632,222.8917123,223.7410859,224.5936961,225.4495554,226.3086762,227.1710707,228.0367516,228.9057314,229.7780226,230.6536378,231.5325897,232.4148911,233.3005546,234.1895932,235.0820196,235.9778467,236.8770876,237.7797552,238.6858627,239.595423,240.5084494,241.4249551,242.3449532,243.2684573,244.1954805,245.1260363,246.0601382,246.9977997,247.9390344,248.8838558,249.8322776,250.7843136,251.7399775,252.6992831,253.6622444,254.6288752,255.5991896,256.5732016,257.5509252
Zip_78626,0.661440781,0.437503907,0.289382926,0.191409669,0.126606161,0.083742478,0.05539069,0.036637661,0.024233643,0.01602912,0.010602314,0.007012803,0.004638554,0.003068129,0.002029385,0.001342318,0.000887864,0.000587269,0.000388444,0.000256933,0.000169946,0.000112409,7.44E-05,4.92E-05,3.25E-05,2.15E-05,1.42E-05,9.41E-06,6.23E-06,4.12E-06,2.72E-06,1.80E-06,1.19E-06,7.88E-07,5.21E-07,3.45E-07,2.28E-07,1.51E-07,9.98E-08,6.60E-08,4.37E-08,2.89E-08,1.91E-08,1.26E-08,8.36E-09,5.53E-09,3.66E-09,2.42E-09,1.60E-09,1.06E-09,7.00E-10,4.63E-10,3.06E-10,2.03E-10,1.34E-10,8.86E-11,5.86E-11,3.88E-11,2.56E-11,1.70E-11
Zip_78628,0.24017094,0.057682081,0.01385356,0.003327222,0.000799102,0.000191921,4.61E-05,1.11E-05,2.66E-06,6.39E-07,1.53E-07,3.68E-08,8.85E-09,2.12E-09,5.10E-10,1.23E-10,2.94E-11,7.07E-12,1.70E-12,4.08E-13,9.79E-14,2.35E-14,5.65E-15,1.36E-15,3.26E-16,7.83E-17,1.88E-17,4.51E-18,1.08E-18,2.60E-19,6.25E-20,1.50E-20,3.61E-21,8.66E-22,2.08E-22,5.00E-23,1.20E-23,2.88E-24,6.92E-25,1.66E-25,3.99E-26,9.59E-27,2.30E-27,5.53E-28,1.33E-28,3.19E-29,7.66E-30,1.84E-30,4.42E-31,1.06E-31,2.55E-32,6.12E-33,1.47E-33,3.53E-34,8.48E-35,2.04E-35,4.89E-36,1.18E-36,2.82E-37,6.78E-38
Zip_78634,5.888856266,5.779771354,5.672707125,5.56762615,5.46449169,5.363267688,5.263918755,5.166410158,5.070707805,4.976778238,4.884588619,4.794106716,4.705300896,4.61814011,4.532593888,4.44863232,4.366226052,4.285346274,4.205964709,4.128053606,4.051585724,3.976534329,3.902873184,3.830576534,3.759619104,3.689976086,3.621623133,3.554536347,3.488692273,3.424067892,3.36064061,3.298388252,3.237289055,3.177321656,3.11846509,3.060698781,3.004002533,2.948356523,2.893741297,2.840137762,2.787527176,2.735891146,2.68521162,2.635470879,2.586651533,2.538736515,2.491709072,2.445552764,2.400251453,2.355789301,2.312150765,2.269320586,2.227283792,2.186025686,2.145531843,2.105788107,2.066780581,2.028495629,1.990919866,1.954040155
Zip_78640,8.850195986,7.120542636,5.728927078,4.609284312,3.708460865,2.983691406,2.400568519,1.931409261,1.553940953,1.250243817,1.005900256,0.809310401,0.651141424,0.523884474,0.421498206,0.339121976,0.272845086,0.219521135,0.176618643,0.142100873,0.114329143,0.091985029,0.074007776,0.059543939,0.047906866,0.038544105,0.031011171,0.024950449,0.020074215,0.016150976,0.012994482,0.010454883,0.008411615,0.006767676,0.005445024,0.004380866,0.003524684,0.002835831,0.002281606,0.001835696,0.001476934,0.001188287,0.000956052,0.000769204,0.000618873,0.000497923,0.00040061,0.000322316,0.000259324,0.000208643,0.000167866,0.000135059,0.000108663,8.74E-05,7.03E-05,5.66E-05,4.55E-05,3.66E-05,2.95E-05,2.37E-05
Zip_78641,75.40523664,75.81266284,76.22229043,76.6341313,77.04819741,77.46450078,77.88305351,78.30386774,78.72695569,79.15232965,79.58000198,80.00998509,80.44229146,80.87693365,81.31392427,81.75327603,82.19500167,82.63911403,83.08562599,83.53455053,83.98590067,84.43968953,84.89593029,85.35463618,85.81582053,86.27949673,86.74567825,87.21437861,87.68561144,88.15939041,88.63572929,89.11464189,89.59614214,90.080244,90.56696155,91.0563089,91.54830028,92.04294995,92.5402723,93.04028176,93.54299285,94.04842016,94.55657838,95.06748225,95.58114662,96.09758639,96.61681657,97.13885223,97.66370853,98.19140071,98.72194409,99.25535408,99.79164617,100.3308359,100.872939,101.4179712,101.9659482,102.5168861,103.0708007,103.6277082
Zip_78642,0,0,0,0,0,0,0,0,0,0,0,0,0,0,0,0,0,0,0,0,0,0,0,0,0,0,0,0,0,0,0,0,0,0,0,0,0,0,0,0,0,0,0,0,0,0,0,0,0,0,0,0,0,0,0,0,0,0,0,0
Zip_78644,1.566153846,0.817612623,0.426835718,0.222830134,0.116328757,0.060729577,0.031703953,0.01655109,0.008640518,0.004510793,0.002354865,0.00122936,0.000641789,0.000335047,0.000174912,9.13E-05,4.77E-05,2.49E-05,1.30E-05,6.78E-06,3.54E-06,1.85E-06,9.65E-07,5.04E-07,2.63E-07,1.37E-07,7.17E-08,3.74E-08,1.95E-08,1.02E-08,5.32E-09,2.78E-09,1.45E-09,7.57E-10,3.95E-10,2.06E-10,1.08E-10,5.63E-11,2.94E-11,1.53E-11,8.00E-12,4.18E-12,2.18E-12,1.14E-12,5.95E-13,3.10E-13,1.62E-13,8.46E-14,4.42E-14,2.31E-14,1.20E-14,6.28E-15,3.28E-15,1.71E-15,8.94E-16,4.67E-16,2.44E-16,1.27E-16,6.64E-17,3.47E-17
Zip_78645,115.1429917,107.7878743,100.902588,94.45712072,88.42337779,82.775059,77.48754416,72.53778582,67.90420871,63.56661578,59.50610011,55.70496254,52.14663447,48.8156057,45.69735676,42.7782957,40.04569876,37.48765496,35.09301418,32.85133855,30.75285693,28.78842236,26.94947217,25.22799066,23.61647414,22.10789826,20.69568737,19.37368585,18.13613129,16.97762939,15.89313041,14.87790718,13.9275345,13.03786983,12.20503527,11.42540061,10.69556754,10.01235483,9.372784469,8.774068654,8.213597677,7.68892853,7.197774261,6.737994,6.307583637,5.904667077,5.527488067,5.174402543,4.843871456,4.534454072,4.244801688,3.973651753,3.719822365,3.48220712,3.259770289,3.051542304,2.85661553,2.674140311,2.503321266,2.343413819
Zip_78652,106.4150408,99.33474475,92.72553432,86.55606592,80.79708144,75.42126943,70.40313562,65.718882,61.34629392,57.26463481,53.45454779,49.89796388,46.57801632,43.47896058,40.58609967,37.88571448,35.36499869,33.01199805,30.81555367,28.76524912,26.85136104,25.06481298,23.39713241,21.84041052,20.3872647,19.03080355,17.76459417,16.58263169,15.47931077,14.449399,13.48801214,12.59059089,11.75287933,10.97090467,10.24095849,9.559579082,8.923535068,8.32981007,7.775588406,7.25824173,6.775316575,6.324522715,5.903722304,5.510919734,5.144252176,4.801980746,4.482482253,4.184241506,3.905844127,3.645969842,3.403386223,3.176942839,2.965565805,2.768252684,2.584067739,2.41213749,2.251646573,2.101833876,1.961988926,1.831448522
Zip_78653,924.1405385,940.56799,957.2874546,974.3041231,991.6232786,1009.250298,1027.190654,1045.449917,1064.033754,1082.947937,1102.198337,1121.79093,1141.7318,1162.027137,1182.683242,1203.706529,1225.103524,1246.88087,1269.045329,1291.603782,1314.563232,1337.930807,1361.713763,1385.919483,1410.555481,1435.629408,1461.149046,1487.12232,1513.557292,1540.462171,1567.845308,1595.715207,1624.080518,1652.950049,1682.332762,1712.237781,1742.674389,1773.652035,1805.180338,1837.269085,1869.92824,1903.167941,1936.998509,1971.430446,2006.474443,2042.141379,2078.442328,2115.38856,2152.991545,2191.262958,2230.21468,2269.858806,2310.207642,2351.273716,2393.069778,2435.608803,2478.903999,2522.968807,2567.816907,2613.462224
Zip_78654,2.361538462,1.858954635,1.463330956,1.151904112,0.906755288,0.713779163,0.561872315,0.442294361,0.348165048,0.274068384,0.21574101,0.169826898,0.13368425,0.1052335,0.082837652,0.065208101,0.051330479,0.0404063,0.031807011,0.025037826,0.019709263,0.015514728,0.012212875,0.009613725,0.007567727,0.00595716,0.004689354,0.003691363,0.002905765,0.002287359,0.001800562,0.001417365,0.001115721,0.000878273,0.000691358,0.000544223,0.000428401,0.000337229,0.000265459,0.000208964,0.000164492,0.000129485,0.000101928,8.02E-05,6.32E-05,4.97E-05,3.91E-05,3.08E-05,2.43E-05,1.91E-05,1.50E-05,1.18E-05,9.31E-06,7.33E-06,5.77E-06,4.54E-06,3.58E-06,2.81E-06,2.22E-06,1.74E-06
Zip_78660,2348.794704,2386.174983,2424.150156,2462.729692,2501.923208,2541.740476,2582.191422,2623.286132,2665.03485,2707.447985,2750.53611,2794.309969,2838.780474,2883.958712,2929.855946,2976.48362,3023.853357,3071.976968,3120.86645,3170.533992,3220.991976,3272.252982,3324.329789,3377.235382,3430.982949,3485.58589,3541.057819,3597.412566,3654.664179,3712.826932,3771.915326,3831.944092,3892.928195,3954.882841,4017.823473,4081.765785,4146.725716,4212.719464,4279.76348,4347.874478,4417.069441,4487.365618,4558.780535,4631.331997,4705.03809,4779.917192,4855.987969,4933.269387,5011.780713,5091.54152,5172.571694,5254.891435,5338.521268,5423.482042,5509.794937,5597.481474,5686.563512,5777.063261,5869.003283,5962.406499
Zip_78663,0,0,0,0,0,0,0,0,0,0,0,0,0,0,0,0,0,0,0,0,0,0,0,0,0,0,0,0,0,0,0,0,0,0,0,0,0,0,0,0,0,0,0,0,0,0,0,0,0,0,0,0,0,0,0,0,0,0,0,0
Zip_78664,74.49703737,77.08067467,79.75391529,82.51986677,85.38174442,88.34287506,91.4067009,94.5767835,97.85680798,101.2505872,104.7620664,108.3953274,112.1545939,116.0442357,120.0687745,124.2328886,128.5414187,132.9993732,137.6119343,142.3844641,147.3225103,152.4318133,157.7183123,163.1881529,168.8476934,174.7035128,180.7624184,187.0314533,193.517905,200.2293139,207.1734817,214.3584806,221.7926631,229.484671,237.4434459,245.6782398,254.1986251,263.0145066,272.1361323,281.5741058,291.3393983,301.4433617,311.8977414,322.7146902,333.9067824,345.4870284,357.4688898,369.866295,382.6936556,395.9658828,409.6984051,423.907186,438.6087427,453.8201652,469.5591362,485.8439515,502.6935418,520.127494,538.1660744,556.8302521
Zip_78665,3.66525641,1.919157793,1.004886486,0.526166662,0.275505105,0.144256693,0.075533967,0.039550194,0.0207088,0.010843295,0.005677636,0.002972856,0.001556611,0.000815054,0.000426769,0.00022346,0.000117005,6.13E-05,3.21E-05,1.68E-05,8.79E-06,4.61E-06,2.41E-06,1.26E-06,6.61E-07,3.46E-07,1.81E-07,9.49E-08,4.97E-08,2.60E-08,1.36E-08,7.13E-09,3.74E-09,1.96E-09,1.02E-09,5.36E-10,2.81E-10,1.47E-10,7.70E-11,4.03E-11,2.11E-11,1.11E-11,5.79E-12,3.03E-12,1.59E-12,8.31E-13,4.35E-13,2.28E-13,1.19E-13,6.24E-14,3.27E-14,1.71E-14,8.96E-15,4.69E-15,2.46E-15,1.29E-15,6.74E-16,3.53E-16,1.85E-16,9.67E-17
Zip_78669,92.39156141,94.84667356,97.36702517,99.95434984,102.6104272,105.3370843,108.1361966,111.0096895,113.9595393,116.9877753,120.0964803,123.2877926,126.5639074,129.927078,133.3796178,136.9239017,140.5623675,144.2975179,148.131922,152.0682175,156.1091117,160.2573842,164.5158884,168.8875534,173.3753863,177.9824739,182.7119851,187.5671733,192.5513779,197.6680273,202.9206409,208.3128317,213.8483088,219.5308795,225.3644526,231.3530407,237.5007629,243.8118481,250.290637,256.9415862,263.7692705,270.7783862,277.9737544,285.3603244,292.9431771,300.7275282,308.7187321,316.9222855,325.3438312,333.9891618,342.8642239,351.9751222,361.3281235,370.9296613,380.7863398,390.9049389,401.2924185,411.9559237,422.9027891,434.1405446
Zip_78681,24.52142139,18.79062834,14.39915361,11.03399104,8.455285746,6.479238273,4.965004123,3.804654947,2.915485849,2.234120533,1.711994094,1.311891519,1.005295148,0.770352061,0.590316484,0.452356227,0.346638052,0.265626804,0.203548337,0.155977955,0.119525036,0.091591368,0.070185954,0.053783105,0.041213693,0.031581823,0.024200975,0.018545072,0.014210985,0.010889798,0.008344792,0.006394567,0.004900121,0.003754936,0.002877386,0.002204925,0.001689622,0.001294748,0.000992158,0.000760285,0.000582602,0.000446445,0.000342108,0.000262156,0.000200888,0.00015394,0.000117963,9.04E-05,6.93E-05,5.31E-05,4.07E-05,3.12E-05,2.39E-05,1.83E-05,1.40E-05,1.07E-05,8.24E-06,6.31E-06,4.84E-06,3.71E-06
Zip_78701,298.0999895,310.7119012,323.8573933,337.5590404,351.8403721,366.7259134,382.241227,398.4129573,415.2688755,432.837928,451.1502861,470.237397,490.1320389,510.8683764,532.4820198,555.0100857,578.4912613,602.9658704,628.4759428,655.0652865,682.7795631,711.6663658,741.7753013,773.1580753,805.8685809,839.9629914,875.4998564,912.5402028,951.1476395,991.3884663,1033.331788,1077.049634,1122.617079,1170.112375,1219.617087,1271.216227,1324.998405,1381.055981,1439.485222,1500.386467,1563.864301,1630.027734,1698.990386,1770.870686,1845.792073,1923.883208,2005.278197,2090.116816,2178.544759,2270.71388,2366.782461,2466.915479,2571.284889,2680.069925,2793.4574,2911.642034,3034.826783,3163.223189,3297.051747,3436.542277
Zip_78702,722.1813718,742.9429255,764.3013406,786.2737758,808.8778832,832.1318223,856.0542748,880.6644594,905.9821473,932.0276779,958.8219757,986.3865666,1014.743595,1043.915843,1073.926745,1104.800413,1136.56165,1169.23597,1202.849625,1237.429619,1273.003732,1309.600543,1347.249454,1385.98071,1425.825428,1466.815618,1508.984209,1552.36508,1596.993081,1642.904066,1690.134917,1738.72358,1788.709088,1840.1316,1893.032426,1947.454066,2003.44024,2061.035927,2120.287398,2181.242253,2243.949462,2308.459403,2374.8239,2443.096271,2513.331362,2585.5856,2659.91703,2736.38537,2815.052051,2895.980274,2979.235052,3064.883272,3152.99374,3243.637243,3336.8866,3432.816727,3531.504691,3633.029775,3737.473542,3844.9199
Zip_78703,335.7178665,342.5729055,349.5679179,356.7057617,363.9893535,371.4216693,379.005746,386.7446822,394.6416401,402.6998464,410.9225936,419.3132415,427.8752184,436.6120227,445.5272242,454.6244657,463.9074641,473.3800126,483.0459814,492.9093201,502.9740588,513.2443099,523.7242697,534.4182204,545.3305313,556.4656611,567.8281598,579.4226698,591.2539287,603.3267706,615.6461285,628.2170358,641.0446292,654.1341498,667.4909459,681.1204751,695.0283062,709.2201221,723.7017213,738.4790209,753.5580589,768.9449966,784.6461208,800.667847,817.0167216,833.6994247,850.7227726,868.0937211,885.8193679,903.9069554,922.3638742,941.1976658,960.4160254,980.0268056,1000.038019,1020.457843,1041.29462,1062.556864,1084.253263,1106.392681
Zip_78704,1017.408568,1046.633159,1076.697213,1107.624843,1139.440855,1172.170767,1205.840831,1240.478052,1276.110211,1312.765887,1350.474481,1389.266236,1429.172267,1470.22458,1512.456102,1555.900705,1600.593234,1646.569535,1693.866484,1742.522017,1792.575157,1844.06605,1897.035995,1951.527478,2007.584203,2065.251132,2124.574517,2185.601938,2248.382344,2312.966088,2379.404971,2447.752279,2518.062833,2590.393024,2664.800867,2741.346041,2820.089939,2901.09572,2984.428355,3070.15468,3158.343455,3249.065412,3342.393315,3438.402019,3537.168528,3638.77206,3743.294107,3850.8185,3961.431483,4075.221772,4192.280635,4312.701959,4436.582331,4564.021109,4695.120507,4829.985674,4968.724781,5111.449105,5258.273119,5409.314586
Zip_78705,825.0560772,860.5784203,897.6301587,936.2771397,976.5880455,1018.634516,1062.491274,1108.236261,1155.950774,1205.719609,1257.631214,1311.777846,1368.255732,1427.165242,1488.61107,1552.702414,1619.553177,1689.282163,1762.013293,1837.875822,1917.004571,1999.540166,2085.629287,2175.424928,2269.086671,2366.78097,2468.681445,2574.969189,2685.833095,2801.470186,2922.08597,3047.894801,3179.120263,3315.995566,3458.763962,3607.679173,3763.005849,3925.02003,4094.009644,4270.275015,4454.129396,4645.899528,4845.92622,5054.564952,5272.186512,5499.17765,5735.94177,5982.89964,6240.490148,6509.171076,6789.419916,7081.734718,7386.634976,7704.66255,8036.382628,8382.384736,8743.283776,9119.72113,9512.365791,9921.915555
Zip_78712,5.536528287,3.065314547,1.69712007,0.939615327,0.520220684,0.288021653,0.159464003,0.088287696,0.048880733,0.027062956,0.014983482,0.008295647,0.004592909,0.002542877,0.001407871,0.000779472,0.000431557,0.000238933,0.000132286,7.32E-05,4.05E-05,2.25E-05,1.24E-05,6.88E-06,3.81E-06,2.11E-06,1.17E-06,6.47E-07,3.58E-07,1.98E-07,1.10E-07,6.08E-08,3.36E-08,1.86E-08,1.03E-08,5.71E-09,3.16E-09,1.75E-09,9.69E-10,5.36E-10,2.97E-10,1.64E-10,9.10E-11,5.04E-11,2.79E-11,1.54E-11,8.55E-12,4.74E-12,2.62E-12,1.45E-12,8.04E-13,4.45E-13,2.46E-13,1.36E-13,7.55E-14,4.18E-14,2.31E-14,1.28E-14,7.10E-15,3.93E-15
Zip_78717,86.15869359,88.37286286,90.64393349,92.97336775,95.36266552,97.81336521,100.3270448,102.9053227,105.5498592,108.2623568,111.0445623,113.8982668,116.825308,119.8275704,122.9069872,126.065541,129.3052657,132.6282473,136.0366252,139.5325941,143.118405,146.7963667,150.5688474,154.438276,158.4071441,162.478007,166.653486,170.9362694,175.329115,179.8348512,184.456379,189.1966743,194.0587891,199.0458542,204.1610805,209.4077616,214.7892758,220.3090881,225.9707525,231.7779146,237.7343134,243.8437841,250.1102604,256.5377773,263.1304732,269.892593,276.8284907,283.9426322,291.2395982,298.7240869,306.4009175,314.2750329,322.3515031,330.6355284,339.1324426,347.8477168,356.7869624,365.9559354,375.3605393,385.0068296
Zip_78719,65.54503502,56.52831074,48.7519751,42.04539362,36.26140523,31.2730931,26.97099977,23.26072533,20.060856,17.30117775,14.92113555,12.86850463,11.09824457,9.571510904,8.254802861,7.119228193,6.139869227,5.295236099,4.566795205,3.938562522,3.396752874,2.929477449,2.526482921,2.178926467,1.879181732,1.620671479,1.397723275,1.205445013,1.039617574,0.89660224,0.773260859,0.666886974,0.575146449,0.496026238,0.427790226,0.368941123,0.318187616,0.274416032,0.2366659,0.204108878,0.176030573,0.15181487,0.130930407,0.112918923,0.097385194,0.083988368,0.07243448,0.062470007,0.0538763,0.046464789,0.040072845,0.034560211,0.029805924,0.025705663,0.022169455,0.019119706,0.016489498,0.014221114,0.012264782,0.010577573
Zip_78721,379.819303,396.3261071,413.5502906,431.5230306,450.2768591,469.845722,490.2650403,511.5717745,533.8044914,557.0034337,581.2105934,606.4697871,632.8267359,660.3291477,689.026804,718.9716497,750.2178871,782.8220742,816.843227,852.3429263,889.3854292,928.0377853,968.3699583,1010.454952,1054.368944,1100.191422,1148.005327,1197.897207,1249.957369,1304.280046,1360.963566,1420.11053,1481.828,1546.227687,1613.426161,1683.545054,1756.711289,1833.057301,1912.721281,1995.847429,2082.586207,2173.09462,2267.536495,2366.082777,2468.911845,2576.209825,2688.170934,2804.997832,2926.901982,3054.104041,3186.834254,3325.332871,3469.850587,3620.648988,3778.00103,3942.191534,4113.517695,4292.289626,4478.830918,4673.479225
Zip_78722,186.0664971,192.3374519,198.8197551,205.5205299,212.4471394,219.6071946,227.0085636,234.6593791,242.5680482,250.7432612,259.1940016,267.9295552,276.9595211,286.2938218,295.9427143,305.916801,316.227042,326.8847666,337.9016859,349.2899059,361.0619403,373.2307248,385.8096309,398.8124809,412.2535629,426.1476464,440.5099989,455.3564024,470.7031706,486.5671673,502.9658246,519.9171618,537.439806,555.5530116,574.2766823,593.6313924,613.6384096,634.3197186,655.6980449,677.7968797,700.6405064,724.2540263,748.6633871,773.8954107,799.9778232,826.939285,854.8094226,883.6188607,913.3992565,944.1833338,976.0049196,1008.898981,1042.901662,1078.050329,1114.383602,1151.941407,1190.765013,1230.897082,1272.381713,1315.264491
Zip_78723,858.6310096,888.2496513,918.8899938,950.5872808,983.3779718,1017.299784,1052.391736,1088.694191,1126.248906,1165.099079,1205.289395,1246.866085,1289.87697,1334.371524,1380.400926,1428.018122,1477.277881,1528.236866,1580.95369,1635.488992,1691.905499,1750.268105,1810.643939,1873.10245,1937.715479,2004.557347,2073.704938,2145.237789,2219.238179,2295.791226,2374.984986,2456.91055,2541.662151,2629.337276,2720.036771,2813.864962,2910.929775,3011.342857,3115.219708,3222.67981,3333.84677,3448.848455,3567.817146,3690.889684,3818.207633,3949.91744,4086.170601,4227.123842,4372.939291,4523.784673,4679.833495,4841.265251,5008.265626,5181.026712,5359.747224,5544.632735,5735.895907,5933.756739,6138.442819,6350.189584
Zip_78724,1292.074539,1337.70562,1384.948215,1433.859236,1484.497606,1536.924326,1591.202557,1647.397684,1705.577406,1765.811812,1828.173464,1892.737488,1959.581665,2028.786519,2100.435422,2174.614687,2251.413677,2330.924911,2413.244175,2498.470636,2586.706968,2678.059465,2772.63818,2870.55705,2971.934036,3076.891266,3185.55518,3298.056683,3414.531304,3535.11936,3659.966119,3789.221984,3923.042667,4061.58938,4205.029027,4353.534408,4507.284425,4666.4643,4831.265792,5001.887437,5178.534779,5361.420623,5550.765288,5746.796876,5949.751541,6159.873782,6377.416728,6602.642451,6835.822277,7077.237113,7327.177789,7585.945403,7853.85169,8131.219393,8418.382651,8715.687406,9023.491817,9342.16669,9672.095929,10013.67699
Zip_78725,550.2082301,566.9084204,584.1155031,601.8448636,620.1123543,638.9343089,658.3275567,678.3094378,698.8978188,720.1111085,741.9682744,764.4888596,787.6930008,811.6014454,836.2355709,861.6174034,887.7696378,914.7156576,942.4795563,971.0861584,1000.561042,1030.930562,1062.221873,1094.462952,1127.682629,1161.910606,1197.177487,1233.514806,1270.955052,1309.531704,1349.279253,1390.233239,1432.430281,1475.908108,1520.705596,1566.862798,1614.420987,1663.422685,1713.911707,1765.933197,1819.533668,1874.761047,1931.664715,1990.29555,2050.705978,2112.950012,2177.083308,2243.16321,2311.2488,2381.400959,2453.682409,2528.157782,2604.893668,2683.95868,2765.423511,2849.361003,2935.846207,3024.956452,3116.771415,3211.373191
Zip_78726,168.324622,170.6817975,173.0719822,175.4956385,177.9532351,180.4452472,182.9721568,185.5344526,188.1326302,190.767192,193.4386475,196.1475134,198.8943136,201.6795793,204.5038491,207.3676693,210.2715937,213.216184,216.2020095,219.2296478,222.2996843,225.4127129,228.5693355,231.7701627,235.0158135,238.3069155,241.6441053,245.0280283,248.4593388,251.9387006,255.4667865,259.0442788,262.6718693,266.3502598,270.0801615,273.8622958,277.6973941,281.5861982,285.5294602,289.5279425,293.5824186,297.6936726,301.8624995,306.0897057,310.3761085,314.7225371,319.1298319,323.5988454,328.1304418,332.7254975,337.3849013,342.1095541,346.9003698,351.7582749,356.6842089,361.6791244,366.7439874,371.8797774,377.0874878,382.3681257
Zip_78727,385.8588611,401.312832,417.3857474,434.1023965,451.4885615,469.5710569,488.3777714,507.9377106,528.2810418,549.4391405,571.4446387,594.3314756,618.1349496,642.8917726,668.6401271,695.4197248,723.2718678,752.2395126,782.3673357,813.7018035,846.291243,880.1859168,915.4381008,952.1021643,990.2346542,1029.894382,1071.142516,1114.042672,1158.661015,1205.06636,1253.330278,1303.527207,1355.734564,1410.03287,1466.505869,1525.240658,1586.327826,1649.861585,1715.939925,1784.664758,1856.142077,1930.482124,2007.799552,2088.213607,2171.848313,2258.832659,2349.300801,2443.392267,2541.252176,2643.031457,2748.887083,2858.982315,2973.486954,3092.577599,3216.437925,3345.258961,3479.239387,3618.585842,3763.513239,3914.245099
Zip_78728,499.0485679,535.5902648,574.8076444,616.8966275,662.0674807,710.5458669,762.5739727,818.4117183,878.3380559,942.6523633,1011.67594,1085.753611,1165.25545,1250.578632,1342.149409,1440.425249,1545.897113,1659.091915,1780.575149,1910.953716,2050.878958,2201.049907,2362.216783,2535.184737,2720.817876,2920.04358,3133.857133,3363.326698,3609.598649,3873.903305,4157.561068,4461.989026,4788.708029,5139.350288,5515.66753,5919.539746,6352.984587,6818.167441,7317.412253,7853.21313,8428.246809,9045.386022,9707.713851,10418.53913,11181.41297,12000.14652,12878.82997,13821.85302,14833.92678,15920.10735,17085.82102,18336.89142,19679.56861,21120.56028,22667.0653,24326.80963,26108.08496,28019.79013,30071.47556,32273.391
Zip_78729,154.5335122,163.5657973,173.1260078,183.2450004,193.955435,205.2918807,217.2909272,229.9913024,243.4339983,257.6624024,272.7224385,288.6627143,305.5346788,323.3927879,342.2946804,362.3013643,383.4774132,405.8911748,429.614992,454.7254358,481.3035528,509.4351265,539.2109546,570.7271414,604.0854089,639.3934242,676.7651477,716.3212002,758.1892532,802.5044401,849.4097926,899.0567027,951.6054108,1007.225523,1066.09656,1128.408533,1194.362561,1264.171516,1338.060716,1416.268644,1499.047725,1586.665137,1679.403673,1777.562658,1881.45891,1991.427764,2107.824156,2231.023767,2361.424237,2499.446447,2645.535878,2800.164048,2963.830035,3137.06209,3320.419335,3514.493575,3719.911205,3937.335231,4167.467412,4411.050523
Zip_78730,75.63677414,82.91190729,90.88680007,99.62875898,109.2115644,119.7160932,131.2310014,143.8534727,157.690038,172.8574752,189.4837944,207.7093183,227.6878666,249.5880542,273.5947143,299.9104581,328.7573852,360.3789579,395.0420557,433.0392282,474.6911638,520.3493962,570.3992719,625.2632014,685.4042253,751.3299215,823.5966896,902.8144463,989.6517734,1084.84156,1189.18719,1303.569317,1428.953305,1566.397367,1717.061506,1882.217294,2063.258614,2261.713417,2479.256622,2717.724249,2979.128916,3265.676825,3579.786383,3924.108611,4301.549518,4715.294628,5168.835867,5666.00103,6210.986089,6808.390609,7463.256562,8181.110884,8968.012118,9830.601552,10776.15926,11812.66557,12948.86837,14194.357,15559.6431,17056.24944
Zip_78731,311.8500099,320.9585106,330.3330518,339.9814043,349.9115654,360.1317661,370.650478,381.47642,392.6185656,404.0861504,415.8886799,428.0359372,440.537991,453.4052042,466.6482423,480.2780826,494.3060225,508.7436899,523.6030519,538.8964256,554.6364874,570.8362842,587.5092439,604.6691866,622.3303361,640.5073317,659.2152401,678.4695683,698.2862759,718.6817891,739.6730134,761.2773484,783.5127019,806.3975045,829.9507254,854.1918877,879.1410847,904.8189967,931.246908,958.4467245,986.4409919,1015.252915,1044.906375,1075.425952,1106.836943,1139.165385,1172.438075,1206.682591,1241.927321,1278.201476,1315.535125,1353.959214,1393.505592,1434.207039,1476.097292,1519.211073,1563.584119,1609.253212,1656.256205,1704.632059
Zip_78732,152.823561,152.6473255,152.4712932,152.2954639,152.1198374,151.9444134,151.7691917,151.594172,151.4193542,151.244738,151.0703232,150.8961095,150.7220967,150.5482846,150.3746729,150.2012614,150.0280499,149.8550381,149.6822259,149.509613,149.3371991,149.164984,148.9929675,148.8211494,148.6495295,148.4781074,148.306883,148.1358561,147.9650264,147.7943938,147.6239578,147.4537185,147.2836754,147.1138285,146.9441774,146.774722,146.6054619,146.4363971,146.2675272,146.0988521,145.9303715,145.7620851,145.5939929,145.4260944,145.2583896,145.0908782,144.92356,144.7564347,144.5895022,144.4227621,144.2562144,144.0898587,143.9236948,143.7577226,143.5919418,143.4263521,143.2609534,143.0957454,142.930728,142.7659008
Zip_78733,110.4560869,112.9680291,115.5370967,118.1645888,120.8518342,123.6001917,126.4110511,129.2858338,132.2259935,135.233017,138.3084248,141.4537721,144.6706496,147.9606837,151.3255384,154.766915,158.2865539,161.8862348,165.567778,169.3330452,173.1839403,177.1224108,181.1504482,185.2700894,189.4834176,193.7925634,198.1997058,202.7070735,207.3169456,212.0316534,216.8535809,221.7851666,226.828904,231.9873439,237.2630947,242.6588242,248.1772609,253.8211954,259.5934817,265.4970387,271.5348518,277.709974,284.025528,290.4847075,297.0907788,303.8470823,310.7570346,317.8241299,325.0519418,332.4441254,340.0044187,347.7366447,355.6447134,363.7326239,372.004466,380.4644225,389.1167716,397.9658884,407.0162478,416.2724264
Zip_78734,6.178855563,6.363042677,6.552720273,6.748052018,6.949206458,7.156357163,7.369682878,7.589367674,7.815601111,8.0485784,8.288500569,8.535574641,8.790013809,9.052037619,9.321872166,9.599750281,9.885911737,10.18060345,10.48407971,10.79660238,11.11844111,11.44987361,11.79118588,12.14267241,12.50463649,12.87739046,13.26125594,13.65656418,14.06365625,14.48288345,14.91460749,15.35920091,15.81704733,16.28854181,16.7740912,17.27411445,17.78904303,18.31932124,18.86540666,19.42777048,20.00689795,20.60328878,21.21745758,21.8499343,22.50126468,23.17201074,23.86275124,24.57408221,25.30661742,26.06098897,26.83784778,27.63786417,28.46172846,29.31015154,30.18386548,31.08362419,32.01020403,32.96440454,33.94704906,34.95898549
Zip_78735,336.616877,348.6489905,361.1111826,374.0188263,387.3878439,401.2347268,415.576556,430.4310229,445.8164514,461.7518203,478.2567868,495.3517107,513.0576797,531.396535,550.3908987,570.0642014,590.4407113,611.5455641,633.4047936,656.0453647,679.4952057,703.7832434,728.9394385,754.9948225,781.9815364,809.9328698,838.8833022,868.8685458,899.925589,932.0927426,965.4096865,999.9175191,1035.658808,1072.677642,1111.019686,1150.732237,1191.864282,1234.466562,1278.591627,1324.293909,1371.629785,1420.657645,1471.437968,1524.033396,1578.508807,1634.9314,1693.370775,1753.899022,1816.590804,1881.523456,1948.777076,2018.434626,2090.582032,2165.308292,2242.705584,2322.869384,2405.898578,2491.895587,2580.966494,2673.221172
Zip_78736,138.6174107,136.2750819,133.9723333,131.708496,129.4829127,127.2949368,125.1439328,123.0292761,120.9503524,118.906558,116.8972992,114.9219924,112.9800639,111.0709498,109.1940955,107.3489559,105.5349951,103.7516862,101.9985113,100.2749612,98.58053533,96.9147415,95.27709592,93.66712293,92.08435495,90.52833225,88.99860291,87.49472263,86.01625461,84.56276944,83.13384497,81.72906617,80.34802504,78.99032046,77.65555809,76.34335027,75.05331587,73.78508021,72.53827494,71.31253793,70.10751317,68.92285068,67.75820637,66.61324198,65.48762497,64.38102841,63.29313089,62.22361644,61.17217443,60.13849948,59.12229135,58.1232549,57.14109996,56.17554128,55.22629841,54.29309566,53.37566198,52.4737309,51.58704047,50.71533316
Zip_78737,92.12410565,94.29834269,96.52389428,98.80197149,101.133814,103.5206907,105.9639006,108.464773,111.024669,113.6449815,116.3271365,119.0725934,121.8828464,124.7594247,127.7038936,130.7178554,133.8029502,136.9608569,140.1932939,143.5020202,146.8888363,150.3555853,153.9041536,157.5364723,161.254518,165.0603139,168.9559311,172.9434894,177.0251588,181.2031603,185.4797676,189.8573079,194.3381632,198.924772,203.6196302,208.4252925,213.344374,218.3795517,223.5335655,228.80922,234.2093862,239.7370027,245.3950774,251.1866893,257.11499,263.1832056,269.3946382,275.7526679,282.2607546,288.9224398,295.7413485,302.7211915,309.865767,317.1789628,324.6647587,332.3272281,340.1705408,348.1989649,356.4168693,364.8287258
Zip_78738,244.9928645,249.0518824,253.1781497,257.3727806,261.6369077,265.9716825,270.3782754,274.8578763,279.4116948,284.0409605,288.7469234,293.5308543,298.3940449,303.3378083,308.3634795,313.4724156,318.665996,323.9456232,329.3127227,334.7687437,340.3151596,345.953468,351.6851913,357.5118773,363.4350992,369.4564565,375.577575,381.8001077,388.1257346,394.556164,401.093132,407.7384039,414.493774,421.3610665,428.3421355,435.4388663,442.6531749,449.9870096,457.4423505,465.0212107,472.7256368,480.557709,488.5195423,496.6132865,504.841127,513.2052855,521.7080206,530.3516283,539.1384423,548.0708355,557.1512196,566.3820467,575.7658092,585.305041,595.0023178,604.8602582,614.881524,625.0688211,635.4249004,645.9525582
Zip_78739,149.728319,154.6108241,159.6525434,164.8586686,170.2345608,175.7857559,181.5179706,187.4371076,193.5492623,199.8607288,206.3780065,213.1078068,220.0570598,227.2329217,234.6427819,242.294271,250.1952682,258.3539098,266.7785973,275.4780063,284.4610951,293.7371144,303.3156162,313.2064644,323.4198441,333.966273,344.8566113,356.1020738,367.7142406,379.7050697,392.0869089,404.8725086,418.0750353,431.7080843,445.7856948,460.3223635,475.3330598,490.8332413,506.8388697,523.3664273,540.4329335,558.0559631,576.2536637,595.0447749,614.4486473,634.4852624,655.1752534,676.5399264,698.601282,721.3820384,744.9056548,769.196355,794.2791531,820.1798785,846.9252031,874.5426686,903.0607147,932.5087085,962.9169748,994.3168272
Zip_78741,2303.711283,2402.48333,2505.490247,2612.913605,2724.942758,2841.775183,2963.616819,3090.682438,3223.196019,3361.391144,3505.51141,3655.81086,3812.554426,3976.018402,4146.490926,4324.272491,4509.676473,4703.029685,4904.672953,5114.961712,5334.266641,5562.974309,5801.487861,6050.227725,6309.632357,6580.15901,6862.284544,7156.506263,7463.342791,7783.334993,8117.046919,8465.066806,8828.00811,9206.51059,9601.241433,10012.89643,10442.20122,10889.91253,11356.81954,11843.74528,12351.54804,12881.12295,13433.40348,14009.36313,14610.01717,15236.42435,15889.68886,16570.96221,17281.44528,18022.39044,18795.10376,19600.94731,20441.34155,21317.76784,22231.77108,23184.96237,24179.02192,25215.70196,26296.82984,27424.31128
Zip_78742,40.87986286,37.98098154,35.28766629,32.78533997,30.46045914,28.30044073,26.293594,24.4290572,22.69673883,21.08726297,19.5919186,18.2026124,16.91182497,15.71257013,14.59835709,13.56315536,12.60136207,11.70777167,10.87754773,10.10619681,9.389544082,8.723710783,8.105093192,7.530343141,6.996349884,6.500223269,6.039278086,5.611019545,5.213129762,4.843455222,4.499995119,4.180890531,3.884414353,3.608961956,3.353042497,3.115270851,2.894360117,2.689114652,2.498423595,2.321254862,2.156649556,2.003716774,1.861628795,1.729616587,1.606965656,1.493012174,1.387139385,1.288774269,1.19738444,1.112475266,1.033587189,0.96029324,0.892196726,0.828929086,0.770147895,0.715535008,0.664794841,0.617652771,0.573853649,0.53316042
Zip_78744,2299.961317,2394.668203,2493.27489,2595.941965,2702.836623,2814.132947,2930.012186,3050.663054,3176.282035,3307.073704,3443.25106,3585.035872,3732.659043,3886.360982,4046.391997,4213.012706,4386.494455,4567.119766,4755.182794,4950.989806,5154.859681,5367.124427,5588.129727,5818.235494,6057.816464,6307.262803,6566.980744,6837.393246,7118.940686,7412.081573,7717.293298,8035.07291,8365.937923,8710.427163,9069.101643,9442.545477,9831.366831,10236.19892,10657.70101,11096.55956,11553.48924,12029.23419,12524.56918,13040.30087,13577.26915,14136.3485,14718.4494,15324.51981,15955.54675,16612.55786,17296.62311,18008.85653,18750.41801,19522.51521,20326.40552,21163.3981,22034.85603,22942.1985,23886.90316,24870.50849
Zip_78745,1321.869383,1371.537413,1423.071675,1476.542289,1532.022012,1589.586335,1649.313585,1711.285032,1775.584998,1842.300978,1911.523749,1983.347502,2057.869967,2135.192545,2215.420448,2298.662841,2385.032991,2474.64842,2567.631066,2664.107451,2764.208847,2868.071461,2975.836618,3087.650952,3203.666607,3324.041444,3448.939255,3578.529987,3712.989971,3852.502167,3997.256406,4147.449652,4303.286272,4464.97831,4632.745778,4806.816955,4987.428698,5174.82676,5369.266134,5571.011388,5780.337036,5997.527903,6222.879518,6456.698513,6699.303043,6951.023215,7212.201543,7483.193406,7764.367541,8056.106536,8358.807356,8672.881883,8998.757472,9336.877537,9687.702154,10051.70869,10429.39243,10821.26729,11227.86649,11649.74329
Zip_78746,400.3719245,409.9684857,419.795068,429.8571848,440.1604817,450.7107395,461.5138776,472.5759574,483.9031855,495.5019172,507.3786603,519.5400784,531.992995,544.7443969,557.8014387,571.1714463,584.8619211,598.8805445,613.235182,627.9338874,642.9849077,658.3966878,674.1778745,690.3373224,706.884098,723.8274852,741.1769903,758.9423478,777.1335252,795.7607291,814.8344105,834.3652713,854.3642695,874.842626,895.8118307,917.2836486,939.2701271,961.783602,984.836705,1008.442371,1032.613843,1057.364684,1082.708781,1108.660354,1135.233963,1162.444518,1190.307286,1218.8379,1248.052367,1277.967079,1308.598821,1339.964778,1372.08255,1404.970156,1438.646049,1473.129124,1508.438727,1544.59467,1581.617239,1619.527207
Zip_78747,695.8758053,716.3360005,737.397768,759.0787953,781.3972899,804.3719945,828.0222033,852.3677773,877.4291619,903.2274032,929.7841665,957.1217538,985.263123,1014.231907,1044.052433,1074.749745,1106.349622,1138.878601,1172.363999,1206.833938,1242.317364,1278.844077,1316.444752,1355.150964,1394.995219,1436.010979,1478.232687,1521.695801,1566.43682,1612.493319,1659.903975,1708.708602,1758.948187,1810.66492,1863.902233,1918.704833,1975.118744,2033.191341,2092.971393,2154.509103,2217.856149,2283.06573,2350.192609,2419.293157,2490.425405,2563.649089,2639.025702,2716.618543,2796.492776,2878.715476,2963.355696,3050.484513,3140.175099,3232.502775,3327.545076,3425.381819,3526.095165,3629.769693,3736.492467,3846.353113
Zip_78748,1131.942202,1177.659143,1225.222503,1274.706855,1326.189783,1379.752006,1435.477503,1493.453645,1553.77133,1616.525129,1681.813431,1749.738601,1820.407137,1893.929837,1970.421976,2050.003483,2132.799132,2218.938737,2308.557352,2401.795489,2498.799332,2599.720972,2704.718641,2813.956961,2927.607204,3045.847559,3168.863411,3296.847635,3430.000892,3568.53195,3712.658008,3862.605036,4018.608133,4180.911892,4349.770783,4525.449556,4708.223653,4898.379639,5096.215656,5302.041884,5516.181033,5738.968845,5970.754623,6211.901777,6462.788396,6723.807836,6995.369344,7277.898692,7571.83885,7877.650679,8195.813653,8526.826609,8871.208535,9229.499375,9602.260886,9990.077508,10393.55729,10813.33283,11250.06229,11704.4304
Zip_78749,435.875507,450.2072456,465.0102167,480.2999146,496.0923432,512.4040323,529.2520554,546.6540474,564.6282229,583.1933956,602.3689976,622.1751002,642.6324342,663.7624126,685.587152,708.1294964,731.413041,755.4621566,780.3020155,805.9586177,832.4588179,859.8303538,888.1018755,917.3029746,947.464216,978.6171695,1010.794443,1044.029716,1078.357777,1113.814557,1150.437167,1188.263942,1227.334475,1267.68966,1309.371738,1352.424337,1396.89252,1442.822833,1490.26335,1539.263729,1589.875256,1642.150909,1696.145403,1751.915254,1809.518838,1869.016448,1930.47036,1993.944898,2059.506501,2127.223793,2197.167652,2269.41129,2344.030324,2421.102858,2500.709563,2582.933765,2667.861527,2755.581744,2846.186232,2939.769827
Zip_78750,306.9261126,316.1195927,325.5884487,335.3409292,345.3855295,355.7309998,366.3863521,377.3608683,388.6641087,400.3059195,412.296442,424.6461215,437.3657159,450.4663053,463.9593019,477.8564596,492.1698844,506.9120449,522.0957832,537.734326,553.8412964,570.4307252,587.5170639,605.1151964,623.2404528,641.9086222,661.1359667,680.9392356,701.3356796,722.3430665,743.9796959,766.264416,789.2166391,812.8563593,837.2041695,862.2812793,888.1095337,914.7114322,942.1101479,970.3295483,999.3942156,1029.329468,1060.161384,1091.91682,1124.623439,1158.309733,1193.005045,1228.7396,1265.544527,1303.451886,1342.494699,1382.706977,1424.12375,1466.781096,1510.716174,1555.967257,1602.573764,1650.576294,1700.016663,1750.937938
Zip_78751,209.1859978,214.5038318,219.9568534,225.5484993,231.2822936,237.1618498,243.1908735,249.3731644,255.7126188,262.213232,268.8791009,275.7144265,282.7235168,289.9107891,297.280773,304.8381134,312.5875732,320.5340363,328.6825109,337.0381324,345.6061669,354.3920141,363.4012112,372.6394362,382.1125112,391.8264066,401.7872443,412.0013021,422.4750171,433.2149902,444.2279902,455.5209578,467.1010103,478.9754457,491.1517478,503.6375904,516.4408427,529.5695735,543.0320571,556.8367781,570.9924365,585.5079538,600.3924783,615.6553905,631.3063097,647.3550996,663.8118749,680.6870069,697.9911312,715.7351532,733.9302559,752.5879065,771.7198636,791.3381849,811.4552344,832.0836907,853.2365545,874.9271571,897.1691686,919.9766066
Zip_78752,708.0797799,750.5643335,795.5979462,843.3335609,893.9332968,947.5690001,1004.422828,1064.687867,1128.568788,1196.282544,1268.059102,1344.14223,1424.790322,1510.277271,1600.89341,1696.946487,1798.762718,1906.687888,2021.088533,2142.35318,2270.893665,2407.146537,2551.574536,2704.668167,2866.947366,3038.963264,3221.300059,3414.577001,3619.450496,3836.616334,4066.81205,4310.819433,4569.467179,4843.633705,5134.250131,5442.303448,5768.839862,6114.968353,6481.86444,6870.774171,7283.018358,7719.99706,8183.194341,8674.183306,9194.631447,9746.306304,10331.08147,10950.94296,11607.99593,12304.47186,13042.73612,13825.29599,14654.80919,15534.09292,16466.13337,17454.09595,18501.33596,19611.41002,20788.08816,22035.36661
Zip_78753,2105.159825,2197.172973,2293.207869,2393.440295,2498.053719,2607.239627,2721.197876,2840.137057,2964.274878,3093.838563,3229.065269,3370.202516,3517.508645,3671.253288,3831.717862,3999.196085,4173.994511,4356.433095,4546.845776,4745.581088,4953.002802,5169.490585,5395.440701,5631.266732,5877.40034,6134.292052,6402.412087,6682.251218,6974.321667,7279.158045,7597.318331,7929.384891,8275.965545,8637.694683,9015.234419,9409.27581,9820.540116,10249.78012,10697.78152,11165.36434,11653.38445,12162.73513,12694.34871,13249.19827,13828.29941,14432.71212,15063.54275,15721.94596,16409.12692,17126.34346,17874.90838,18656.19186,19471.62399,20322.69734,21210.96974,22138.0671,23105.68639,24115.59877,25169.65279,26269.77781
Zip_78754,836.2011024,870.7749486,906.7782963,944.2702503,983.312359,1023.968716,1066.306063,1110.393905,1156.304617,1204.113568,1253.899245,1305.743376,1359.731071,1415.95096,1474.495334,1535.460304,1598.945951,1665.056497,1733.900471,1805.590891,1880.245447,1957.986694,2038.942257,2123.245035,2211.033423,2302.451539,2397.649459,2496.783463,2600.016294,2707.517424,2819.463331,2936.03779,3057.432175,3183.845773,3315.486108,3452.569289,3595.320356,3743.973655,3898.773222,4059.973184,4227.838172,4402.643761,4584.67692,4774.236482,4971.633635,5177.192437,5391.25034,5614.158752,5846.283608,6088.005975,6339.722675,6601.846936,6874.809074,7159.057194,7455.05793,7763.29721,8084.281052,8418.536399,8766.611977,9129.079203
Zip_78756,102.4627035,104.9860562,107.5715515,110.2207199,112.9351295,115.716387,118.5661385,121.486071,124.4779128,127.5434348,130.6844515,133.9028221,137.2004517,140.579292,144.0413433,147.5886545,151.2233256,154.9475078,158.7634055,162.6732776,166.6794381,170.7842586,174.9901686,179.2996577,183.7152767,188.2396393,192.8754236,197.6253735,202.4923006,207.4790857,212.5886805,217.8241095,223.1884715,228.6849419,234.3167741,240.0873016,245.9999401,252.0581894,258.2656354,264.6259523,271.142905,277.820351,284.6622426,291.6726298,298.855662,306.215591,313.7567732,321.4836724,329.4008622,337.5130289,345.8249743,354.3416182,363.0680018,372.0092903,381.1707763,390.5578826,400.1761654,410.031318,420.1291738,430.4757099
Zip_78757,375.423494,385.0896172,395.0046164,405.1748996,415.6070396,426.3077786,437.2840321,448.5428941,460.0916408,471.937736,484.0888355,496.5527925,509.3376621,522.451707,535.9034025,549.7014422,563.8547434,578.3724533,593.2639543,608.5388705,624.2070739,640.2786904,656.7641068,673.6739775,691.0192308,708.8110767,727.0610137,745.7808365,764.9826432,784.6788437,804.8821672,825.6056708,846.8627476,868.6671358,891.032927,913.9745758,937.5069091,961.6451352,986.4048543,1011.802068,1037.85319,1064.575058,1091.984939,1120.10055,1148.940061,1178.522109,1208.865814,1239.990787,1271.917141,1304.665512,1338.257063,1372.713504,1408.057104,1444.310704,1481.497735,1519.64223,1558.76884,1598.902854,1640.070208,1682.297508
Zip_78758,1729.866045,1796.180393,1865.036899,1936.533016,2010.769935,2087.852722,2167.890475,2250.996473,2337.288335,2426.888193,2519.922858,2616.524003,2716.82835,2820.977859,2929.119936,3041.407636,3157.999879,3279.061683,3404.764385,3535.285896,3670.810944,3811.531339,3957.646246,4109.362461,4266.894712,4430.465955,4600.307696,4776.660314,4959.773402,5149.906123,5347.327575,5552.31717,5765.165034,5986.172412,6215.6521,6453.928882,6701.339996,6958.235605,7224.979298,7501.948599,7789.535508,8088.14705,8398.205854,8720.150751,9054.437392,9401.538899,9761.946528,10136.17037,10524.74007,10928.20557,11347.13791,11782.13,12233.7975,12702.77965,13189.74022,13695.3684,14220.37982,14765.51753,15331.55307,15919.28756
Zip_78759,525.8660392,540.1075999,554.7348522,569.7582412,585.1884953,601.0366332,617.3139721,634.0321356,651.2030623,668.8390138,686.9525841,705.556708,724.6646708,744.2901175,764.4470627,785.1499004,806.4134147,828.2527897,850.683621,873.7219265,897.3841579,921.6872124,946.6484448,972.28568,998.6172256,1025.661885,1053.438971,1081.968318,1111.270301,1141.365843,1172.276436,1204.024153,1236.631665,1270.122257,1304.519844,1339.848991,1376.134926,1413.403561,1451.681508,1490.996103,1531.37542,1572.848295,1615.444342,1659.193979,1704.12845,1750.27984,1797.681107,1846.366101,1896.369587,1947.727272,2000.475832,2054.652934,2110.297266,2167.448564,2226.14764,2286.43641,2348.357928,2411.95641,2477.277274,2544.367164
